{"2A": [{"regex": "SGD[IV]ETNPG", "aa_position": 0, "nucleotide_position": 0}, {"regex": "SGD[IV]ETNPG", "aa_position": 1, "nucleotide_position": 0}], "2B": [{"regex": "PA[ST][DE][HN]PILEFLEAE[DN]", "aa_position": 0, "nucleotide_position": 0}, {"regex": "PILEFLEAE[DN]DLVTL", "aa_position": 0.044248, "nucleotide_position": 15}, {"regex": "SLWKMVHSVQQTWRK", "aa_position": 0.185841, "nucleotide_position": 63}, {"regex": "VHSVQQTWRKYVKND", "aa_position": 0.230088, "nucleotide_position": 78}, {"regex": "FWPNLLSELVGEGS[LIV]", "aa_position": 0.371681, "nucleotide_position": 126}, {"regex": "ALAATLS[KN]QASVKAL", "aa_position": 0.504425, "nucleotide_position": 171}, {"regex": "LHFL[FS]RGLNYTDFYS", "aa_position": 0.654867, "nucleotide_position": 222}, {"regex": "RGLNYTDFYSLLIE[KR]", "aa_position": 0.699115, "nucleotide_position": 237}, {"regex": "CSSFFTVEPPPPP[AV]E", "aa_position": 0.831858, "nucleotide_position": 282}, {"regex": "[KR]PSV[KR]SKFRKLFKMQ", "aa_position": 1, "nucleotide_position": 339}], "2C": [{"regex": "GPMD[KT]VKDWNQIAAG", "aa_position": 0, "nucleotide_position": 0}, {"regex": "VKDWNQIAAGLKNFQ", "aa_position": 0.015823, "nucleotide_position": 15}, {"regex": "QIAAGLKNFQFVRDL", "aa_position": 0.031646, "nucleotide_position": 30}, {"regex": "LKNFQFVRDLV[KER]EVV", "aa_position": 0.047468, "nucleotide_position": 45}, {"regex": "FVRDLV[KER]EVVDWLQA", "aa_position": 0.063291, "nucleotide_position": 60}, {"regex": "KEKASPVLQYQLEMK", "aa_position": 0.120253, "nucleotide_position": 114}, {"regex": "PVLQYQLEMKKLGPV", "aa_position": 0.136076, "nucleotide_position": 129}, {"regex": "QLEMKKLGPVALAHD", "aa_position": 0.151899, "nucleotide_position": 144}, {"regex": "KLGPVALAHD[AS]FMAG", "aa_position": 0.167722, "nucleotide_position": 159}, {"regex": "ALAHD[AS]FMAGS[GR]PPL", "aa_position": 0.183544, "nucleotide_position": 174}, {"regex": "IEYL[QR]NLKSLALTLG", "aa_position": 0.243671, "nucleotide_position": 231}, {"regex": "NLKSLALTLGKTNLA", "aa_position": 0.259494, "nucleotide_position": 246}, {"regex": "ALTLGKTNLAQS[LP]TT", "aa_position": 0.275316, "nucleotide_position": 261}, {"regex": "KTNLAQS[LP]TTMIN[AV]K", "aa_position": 0.291139, "nucleotide_position": 276}, {"regex": "SAQRVEPVVVVLR[GV]K", "aa_position": 0.344937, "nucleotide_position": 327}, {"regex": "EPVVVVLR[GV]KPGCGK", "aa_position": 0.360759, "nucleotide_position": 342}, {"regex": "VLR[GV]KPGCGKSL[LA]S[PT]", "aa_position": 0.376582, "nucleotide_position": 357}, {"regex": "AQAVSKRLYGSQSVY", "aa_position": 0.43038, "nucleotide_position": 408}, {"regex": "KRLYGSQSVYSLPPD", "aa_position": 0.446203, "nucleotide_position": 423}, {"regex": "SQSVYSLPPDPDFFD", "aa_position": 0.462025, "nucleotide_position": 438}, {"regex": "SLPPDPDFFDGYKGQ", "aa_position": 0.477848, "nucleotide_position": 453}, {"regex": "MDDLGQNPDGQDFST", "aa_position": 0.537975, "nucleotide_position": 510}, {"regex": "QNPDGQDFSTFCQMV", "aa_position": 0.553797, "nucleotide_position": 525}, {"regex": "QDFSTFCQMVSTAQF", "aa_position": 0.56962, "nucleotide_position": 540}, {"regex": "FCQMVSTAQFLPNMA", "aa_position": 0.585443, "nucleotide_position": 555}, {"regex": "EKGRPFTS[DN]LIIATT", "aa_position": 0.642405, "nucleotide_position": 609}, {"regex": "LIIATTNLPHFSPVT", "aa_position": 0.670886, "nucleotide_position": 636}, {"regex": "TNLPHFSPVTIADPS", "aa_position": 0.686709, "nucleotide_position": 651}, {"regex": "FSPVTIADPSAVSRR", "aa_position": 0.702532, "nucleotide_position": 666}, {"regex": "IADPSAVSRRINYDL", "aa_position": 0.718354, "nucleotide_position": 681}, {"regex": "AVSRRINYDLTLE[EV]S", "aa_position": 0.734177, "nucleotide_position": 696}, {"regex": "INYDLTLE[EV]SEAYKK", "aa_position": 0.75, "nucleotide_position": 711}, {"regex": "RLNFDLAFRRTDAPP", "aa_position": 0.803797, "nucleotide_position": 762}, {"regex": "LAFRRTDAPPI?Y?P?F?A?", "aa_position": 0.81962, "nucleotide_position": 777}, {"regex": "TDAPPIYPFAAHVPF", "aa_position": 0.835443, "nucleotide_position": 792}, {"regex": "IYPFAAHVPFV[GD]VA", "aa_position": 0.851266, "nucleotide_position": 807}, {"regex": "A?H[LV][SP]FC?[CV][GDP][CV]A[LV]RG?R?G?", "aa_position": 0.867089, "nucleotide_position": 822}, {"regex": "A?L?Q?K?[WLF][KS][SN][GE][HL]Q[SN][FP][NR][LV][LG]", "aa_position": 0.917722, "nucleotide_position": 855}, {"regex": "[KS][SN][GE][HL]Q[SN][FP][NR][LV][LG][ER]L[YV]D?S?", "aa_position": 0.933544, "nucleotide_position": 866}, {"regex": "[FP][NR][LV][LG][ER]L[YV]D?S?[LI]C[ATR][HD]I?[SR]", "aa_position": 0.952532, "nucleotide_position": 884}, {"regex": "L[YV]D?S?[LI]C[ATR][HD]I?[SR][AS][QKE]QQG", "aa_position": 0.968354, "nucleotide_position": 899}, {"regex": "C[ATR][HD]I?[SR][AS][QKE]QQGARNMQ", "aa_position": 0.984177, "nucleotide_position": 908}, {"regex": "[AS][QKE]QQGARNMQTLVLQ", "aa_position": 1, "nucleotide_position": 921}], "3A": [{"regex": "[SN]PNE[NT][DE][GDN]TPVDEAL[GS]", "aa_position": 0, "nucleotide_position": 0}, {"regex": "RVL[ST]PAAVDEAL[IV]DL", "aa_position": 0.2, "nucleotide_position": 45}, {"regex": "ADPVGRLA[IV]LA[KE]LGL", "aa_position": 0.44, "nucleotide_position": 99}, {"regex": "LGLAL[AV]AVTPGLIIL", "aa_position": 0.6, "nucleotide_position": 135}, {"regex": "[AV]AVTPGLIILAVG[LF]Y", "aa_position": 0.666667, "nucleotide_position": 150}, {"regex": "GLIILAVG[LF]Y[KR]YF[FS]G", "aa_position": 0.733333, "nucleotide_position": 165}, {"regex": "YF[FS]GSD[AT]D[QR][DGE]ETE[SNTGC]E", "aa_position": 0.88, "nucleotide_position": 198}, {"regex": "[DGE]ETE[SNTGC]E[GE][SP][ATV]KAPRSE", "aa_position": 1, "nucleotide_position": 225}], "3B": [{"regex": "[SN][AT]YDG[LP]KKNSKPPGA", "aa_position": 0, "nucleotide_position": 0}, {"regex": "KNSKPPGALSLMEMQ", "aa_position": 1, "nucleotide_position": 21}], "3C": [{"regex": "QPNVDMG[LF]EA[AG]VAKK", "aa_position": 0, "nucleotide_position": 0}, {"regex": "EA[AG]VAKKVVVPITFM", "aa_position": 0.040816, "nucleotide_position": 24}, {"regex": "KKVVVPITFMVP[SN]RP", "aa_position": 0.066327, "nucleotide_position": 39}, {"regex": "PITFMVP[SN]RPSGLTQ", "aa_position": 0.091837, "nucleotide_position": 54}, {"regex": "VP[SN]RPSGLTQSALLV", "aa_position": 0.117347, "nucleotide_position": 69}, {"regex": "GRTFLINEHTWSN[SP]S", "aa_position": 0.19898, "nucleotide_position": 117}, {"regex": "WSN[SP]SW[IT][SR]FTIRGEV", "aa_position": 0.25, "nucleotide_position": 147}, {"regex": "[AT]R[DT]EPFQTVHFTHHG", "aa_position": 0.331633, "nucleotide_position": 195}, {"regex": "PTDL[MTV]MVRLGPGN[SP]F", "aa_position": 0.413265, "nucleotide_position": 243}, {"regex": "MVRLGPGN[SP]FPNNLD", "aa_position": 0.438776, "nucleotide_position": 258}, {"regex": "FGLDQMPARNSRVVG", "aa_position": 0.520408, "nucleotide_position": 306}, {"regex": "SYGN[FS][LF][FS]SGNFLGFV", "aa_position": 0.612245, "nucleotide_position": 360}, {"regex": "[LF][FS]SGNFLGFVDSI[ST][SP]", "aa_position": 0.637755, "nucleotide_position": 375}, {"regex": "QGTYARLFRYRV[AT]TY", "aa_position": 0.719388, "nucleotide_position": 423}, {"regex": "TYKGW[CR]GSALVCEAG", "aa_position": 0.785714, "nucleotide_position": 462}, {"regex": "GSALVCEAGG[IV]RRII", "aa_position": 0.816327, "nucleotide_position": 480}, {"regex": "HSAGAAGIGAGTY[IV]S", "aa_position": 0.903061, "nucleotide_position": 531}, {"regex": "IKAL[KNR]HLG[GE]PL[AT]TMQ", "aa_position": 1, "nucleotide_position": 588}], "3D": [{"regex": "G[LM]M[ST]ELEPG[AIV]T[IV]HV[LP]", "aa_position": 0, "nucleotide_position": 0}, {"regex": "LRK[AT][AT]AH[AT]VYKPEFE", "aa_position": 0.042506, "nucleotide_position": 57}, {"regex": "AH[AT]VYKPEFEPAVLS", "aa_position": 0.053691, "nucleotide_position": 72}, {"regex": "KPEFEPAVLSK[FS]DPR", "aa_position": 0.064877, "nucleotide_position": 87}, {"regex": "PAVLSK[FS]DPRL[DN]KDV", "aa_position": 0.076063, "nucleotide_position": 102}, {"regex": "LDE[AMV]IW[SP]KHT[AT]NV[SP]Y", "aa_position": 0.111857, "nucleotide_position": 150}, {"regex": "KHT[AT]NV[SP]YQP[SP]LFYT", "aa_position": 0.127517, "nucleotide_position": 171}, {"regex": "EYAHRVFSFLGKDN[GD]", "aa_position": 0.167785, "nucleotide_position": 225}, {"regex": "LTVKEAILGIPGLDP", "aa_position": 0.203579, "nucleotide_position": 273}, {"regex": "AILGIPGLDPM[DV]PHT", "aa_position": 0.214765, "nucleotide_position": 288}, {"regex": "PGLDPM[DV]PHTAPGLP", "aa_position": 0.225951, "nucleotide_position": 303}, {"regex": "PHTAPGLPYA[ITV][SN]GLR", "aa_position": 0.241611, "nucleotide_position": 324}, {"regex": "GLPYA[ITV][SN]GLRRTDLV", "aa_position": 0.252796, "nucleotide_position": 339}, {"regex": "GLRRTDLV[DEN]F[AV][SN]GTV", "aa_position": 0.268456, "nucleotide_position": 360}, {"regex": "L[AT][LMV]Q[IF]QKFL[DN]GDYSD", "aa_position": 0.308725, "nucleotide_position": 414}, {"regex": "QKFL[DN]GDYSDHVFQT", "aa_position": 0.319911, "nucleotide_position": 429}, {"regex": "GDYSDHVFQT[LF]LKD[GE]", "aa_position": 0.331096, "nucleotide_position": 444}, {"regex": "IRPSE[KT]VRAGKTRIV", "aa_position": 0.364653, "nucleotide_position": 489}, {"regex": "VRAGKTRIVDVPSLA", "aa_position": 0.378076, "nucleotide_position": 507}, {"regex": "TRIVDVPSLAHCIVG", "aa_position": 0.389262, "nucleotide_position": 522}, {"regex": "VPSLAHCIVGRMLLG", "aa_position": 0.400447, "nucleotide_position": 537}, {"regex": "HCIVGRMLLGRFAAK", "aa_position": 0.411633, "nucleotide_position": 552}, {"regex": "PGF[LP]LGSAIGSDPDV", "aa_position": 0.454139, "nucleotide_position": 609}, {"regex": "GSAIGSDPDVF[WR]T[AV]I", "aa_position": 0.465324, "nucleotide_position": 624}, {"regex": "SDPDVF[WR]T[AV]I[GV]AQLE", "aa_position": 0.47651, "nucleotide_position": 639}, {"regex": "[KR]N[MT]YDV[GD]YSA[FN]D[LS]SH", "aa_position": 0.514541, "nucleotide_position": 690}, {"regex": "V[GD]YSA[FN]D[LS]SHG[AT]GSF", "aa_position": 0.525727, "nucleotide_position": 705}, {"regex": "LI[FSY]H[LF]FTVDNGFSP[AV]", "aa_position": 0.563758, "nucleotide_position": 756}, {"regex": "FTVDNGFSP[AV]LG[SP]YL", "aa_position": 0.574944, "nucleotide_position": 771}, {"regex": "YLRSLAVSVHAYGER", "aa_position": 0.604027, "nucleotide_position": 810}, {"regex": "AVSVHAYGERRIKIT", "aa_position": 0.615213, "nucleotide_position": 825}, {"regex": "AYGERRIKITGGLPS", "aa_position": 0.626398, "nucleotide_position": 840}, {"regex": "RIKITGGLPSGCAAT", "aa_position": 0.637584, "nucleotide_position": 855}, {"regex": "GGLPSGCAATSLL[IN]T", "aa_position": 0.64877, "nucleotide_position": 870}, {"regex": "GCAATSLL[IN]TVLNNV", "aa_position": 0.659955, "nucleotide_position": 885}, {"regex": "SLL[IN]TVLNNVI[IV]RTA", "aa_position": 0.671141, "nucleotide_position": 900}, {"regex": "ALTYKE[LF]EYDMVDII", "aa_position": 0.706935, "nucleotide_position": 948}, {"regex": "DMVDIIA[CY][GS]DDL[LM]VG", "aa_position": 0.727069, "nucleotide_position": 975}, {"regex": "DDL[LM]VG[AST]DYD[LV]DFNE", "aa_position": 0.747204, "nucleotide_position": 1002}, {"regex": "YD[LV]DFNEV[AV]RRAA[IKR]L", "aa_position": 0.765101, "nucleotide_position": 1026}, {"regex": "LG[CY][KR][IM]TPA[NY]KGSVFP", "aa_position": 0.796421, "nucleotide_position": 1068}, {"regex": "TPA[YN]KGSVFPPTSSL", "aa_position": 0.807606, "nucleotide_position": 1083}, {"regex": "GSVFPPTSSLSDA[AV]F", "aa_position": 0.818792, "nucleotide_position": 1098}, {"regex": "PTSSLSDA[AV]FL[KE]R[KR]F", "aa_position": 0.829978, "nucleotide_position": 1113}, {"regex": "SDA[AV]FL[KE]R[KR]FVQ[SN]ND", "aa_position": 0.841163, "nucleotide_position": 1128}, {"regex": "PVMD[LASV]K[SN]LEA[LM][LF]SYF", "aa_position": 0.883669, "nucleotide_position": 1185}, {"regex": "LEA[LM][LF]SYFKPGTLLE", "aa_position": 0.899329, "nucleotide_position": 1206}, {"regex": "SYFKPGTLLEKLQSV", "aa_position": 0.910515, "nucleotide_position": 1221}, {"regex": "GTLLEKLQSVSMLAQ", "aa_position": 0.9217, "nucleotide_position": 1236}, {"regex": "KLQSVSMLAQHSG[KR]E", "aa_position": 0.932886, "nucleotide_position": 1251}, {"regex": "RLM[HR]PF[AV]DYGAVPSH", "aa_position": 0.973154, "nucleotide_position": 1305}, {"regex": "DYGAVPSH[GE]YLQ[ATV]RW", "aa_position": 0.988814, "nucleotide_position": 1326}, {"regex": "PSH[GE]YLQ[ATV]RWRA[LS]F[DE]", "aa_position": 1, "nucleotide_position": 1341}], "L": [{"regex": "MQNSHFSFDTASGTF", "aa_position": 0, "nucleotide_position": 0}, {"regex": "VTGTKVKIVE[HY]PRS[AV]", "aa_position": 0.265625, "nucleotide_position": 51}, {"regex": "[HY]DSSTHLE[IT]LNLQGE", "aa_position": 0.5625, "nucleotide_position": 108}, {"regex": "LNLQGE[IV]EIL[KR]SFNE", "aa_position": 0.703125, "nucleotide_position": 135}, {"regex": "SFNE[CY]Q[ITV]RAAK[LQ]QLG", "aa_position": 0.875, "nucleotide_position": 168}, {"regex": "AAK[QL]QLGLDI[IV]YELQ", "aa_position": 1, "nucleotide_position": 192}], "polyprotein": [{"regex": "MQNSHFSFDTASGTF", "aa_position": 0, "nucleotide_position": 0}, {"regex": "VTGTKVKIVE[HY]PRS[AV]", "aa_position": 0.007812, "nucleotide_position": 51}, {"regex": "[HY]DSSTHLE[IT]LNLQGE", "aa_position": 0.016544, "nucleotide_position": 108}, {"regex": "LNLQGE[IV]EIL[KR]SFNE", "aa_position": 0.02068, "nucleotide_position": 135}, {"regex": "SFNE[CY]Q[ITV]RAAK[LQ]QLG", "aa_position": 0.025735, "nucleotide_position": 168}, {"regex": "K[LQ]QLGLDI[IV]YELQGN", "aa_position": 0.030331, "nucleotide_position": 198}, {"regex": "ELQGNV[QH]T[PT]SK[KN]DFD", "aa_position": 0.034926, "nucleotide_position": 228}, {"regex": "T[PT]SK[KN]DFDSRGNNGN", "aa_position": 0.038143, "nucleotide_position": 249}, {"regex": "DFDSRGNNGNMTFNY", "aa_position": 0.040441, "nucleotide_position": 264}, {"regex": "GNNGNMTFNYYANTY", "aa_position": 0.042739, "nucleotide_position": 279}, {"regex": "MTFNYYANTYQNSVD", "aa_position": 0.045037, "nucleotide_position": 294}, {"regex": "TSSSASGAGPGNSRG", "aa_position": 0.052849, "nucleotide_position": 345}, {"regex": "SGAGPGNSRGGLAGL", "aa_position": 0.055147, "nucleotide_position": 360}, {"regex": "GNSRGGLAGLLT[DN]FS", "aa_position": 0.057445, "nucleotide_position": 375}, {"regex": "PLGYL[KR]DHNTEEM[GE]N", "aa_position": 0.066176, "nucleotide_position": 432}, {"regex": "[KR]DHNTEEM[GE]NSADRV", "aa_position": 0.068474, "nucleotide_position": 447}, {"regex": "TQTAGNTAINTQSSL", "aa_position": 0.075827, "nucleotide_position": 495}, {"regex": "NTAINTQSSLGVLCA", "aa_position": 0.078125, "nucleotide_position": 510}, {"regex": "TQSSLGVLCAYVEDP", "aa_position": 0.080423, "nucleotide_position": 525}, {"regex": "PPSSSTDQPTTTFTA", "aa_position": 0.089154, "nucleotide_position": 582}, {"regex": "TDQPTTTFTAIDRWY", "aa_position": 0.091452, "nucleotide_position": 597}, {"regex": "TTFTAIDRWYTGRLN", "aa_position": 0.09375, "nucleotide_position": 612}, {"regex": "IDRWYTGRLNSWT[KN]A", "aa_position": 0.096048, "nucleotide_position": 627}, {"regex": "TGRLNSWT[KN]AVKTFS", "aa_position": 0.098346, "nucleotide_position": 642}, {"regex": "TFSFQAV[SP][LP]PGAFLS", "aa_position": 0.10386, "nucleotide_position": 678}, {"regex": "PGAFLSRQGGL[KN]GGA", "aa_position": 0.107996, "nucleotide_position": 705}, {"regex": "GAFTAT[LQ]H[GR]HFLMKC", "aa_position": 0.113971, "nucleotide_position": 744}, {"regex": "HFLMKCGWQVQVQCN", "aa_position": 0.118107, "nucleotide_position": 771}, {"regex": "CGWQVQVQCNLTQFH", "aa_position": 0.120404, "nucleotide_position": 786}, {"regex": "QVQCNLTQFHQGALL", "aa_position": 0.122702, "nucleotide_position": 801}, {"regex": "LTQFHQGALLVAM[IV]P", "aa_position": 0.125, "nucleotide_position": 816}, {"regex": "PE[AT]TLDV[KR]PDGKAKS", "aa_position": 0.131434, "nucleotide_position": 858}, {"regex": "ELNEEQWVEMSDDY[WR]", "aa_position": 0.139246, "nucleotide_position": 909}, {"regex": "QWVEMSDDY[WR]TGKNM", "aa_position": 0.141544, "nucleotide_position": 924}, {"regex": "SDDY[WR]TGKNMPFQSL", "aa_position": 0.143842, "nucleotide_position": 939}, {"regex": "TGKNMPFQSLGT[HY]YR", "aa_position": 0.14614, "nucleotide_position": 954}, {"regex": "PFQSLGT[HY]YRPPNWT", "aa_position": 0.148438, "nucleotide_position": 969}, {"regex": "YRPPNWTWGPN[LF]INP", "aa_position": 0.152114, "nucleotide_position": 993}, {"regex": "WTWGPN[LF]INPYQVTV", "aa_position": 0.154412, "nucleotide_position": 1008}, {"regex": "INPYQVTVFP[HR]QILN", "aa_position": 0.157629, "nucleotide_position": 1029}, {"regex": "VTVFP[HR]QILNARTST", "aa_position": 0.159926, "nucleotide_position": 1044}, {"regex": "QILNARTSTSVDI[SN]V", "aa_position": 0.162684, "nucleotide_position": 1062}, {"regex": "VPYIG[GE]TPTQ[SP]SETQ", "aa_position": 0.169118, "nucleotide_position": 1104}, {"regex": "TPTQ[SP]SETQNSWTLL", "aa_position": 0.171875, "nucleotide_position": 1122}, {"regex": "SETQNSWTLLVMVLV", "aa_position": 0.174173, "nucleotide_position": 1137}, {"regex": "SWTLLVMVLVPLDY[KR]", "aa_position": 0.176471, "nucleotide_position": 1152}, {"regex": "VMVLVPLDY[KR]EGATT", "aa_position": 0.178768, "nucleotide_position": 1167}, {"regex": "EGATTDP[KE]ITFSVRP", "aa_position": 0.183364, "nucleotide_position": 1197}, {"regex": "DP[KE]ITFSVRPTSPYF", "aa_position": 0.185662, "nucleotide_position": 1212}, {"regex": "FSVRPTSPYF[SN]GLRN", "aa_position": 0.18796, "nucleotide_position": 1227}, {"regex": "GTDEEQGPIPT[AT]PRE", "aa_position": 0.196691, "nucleotide_position": 1284}, {"regex": "QGPIPT[AT]PRENSLMF", "aa_position": 0.198989, "nucleotide_position": 1299}, {"regex": "PDDTVPAYGNVRTPP", "aa_position": 0.207721, "nucleotide_position": 1356}, {"regex": "PAYGNVRTPPVNYLP", "aa_position": 0.210018, "nucleotide_position": 1371}, {"regex": "VRTPPVNYLPGE[IV]TD", "aa_position": 0.212316, "nucleotide_position": 1386}, {"regex": "VNYLPGE[IV]TDLLQL[AG]", "aa_position": 0.214614, "nucleotide_position": 1401}, {"regex": "TDLLQL[AG][PR][IYT][PT][HT][LS][HM][AG][FV]", "aa_position": 0.21829, "nucleotide_position": 1425}, {"regex": "EP[EV]P[AV]SD[AT]Y[LV]PY[AV][PAT]V", "aa_position": 0.227022, "nucleotide_position": 1482}, {"regex": "PY[AV][PAT]VP[ATV]QF[DE]D[KR]PLI", "aa_position": 0.231618, "nucleotide_position": 1512}, {"regex": "QF[DE]D[KR]PLISFPITLS", "aa_position": 0.234835, "nucleotide_position": 1533}, {"regex": "PLISFPITLSDPVYQ", "aa_position": 0.237132, "nucleotide_position": 1548}, {"regex": "PITLSDPVYQNTLVG", "aa_position": 0.23943, "nucleotide_position": 1563}, {"regex": "DPVYQNTLVGAISSN", "aa_position": 0.241728, "nucleotide_position": 1578}, {"regex": "NTLVGAISSNFANYR", "aa_position": 0.244026, "nucleotide_position": 1593}, {"regex": "AISSNFANYRGC[IV]QI", "aa_position": 0.246324, "nucleotide_position": 1608}, {"regex": "FANYRGC[IV]QITLT[LF][SC]", "aa_position": 0.248621, "nucleotide_position": 1623}, {"regex": "[RMV]ARGK[FS]LLSY[SP]PPNG", "aa_position": 0.256893, "nucleotide_position": 1677}, {"regex": "QPQTLS[KE]AMQCTYSI", "aa_position": 0.264246, "nucleotide_position": 1725}, {"regex": "GLNSSWTFV[IV]PYISP", "aa_position": 0.272518, "nucleotide_position": 1779}, {"regex": "PYISPSDYRETRA[IF]T", "aa_position": 0.277114, "nucleotide_position": 1809}, {"regex": "SVY[FS][AT]D[GD]WFSLHKLT", "aa_position": 0.284467, "nucleotide_position": 1857}, {"regex": "D[GD]WFSLHKLTKITLP", "aa_position": 0.286765, "nucleotide_position": 1872}, {"regex": "LHKLTKITLPP[DGE]CPQ", "aa_position": 0.289062, "nucleotide_position": 1887}, {"regex": "PCILFF[AV]S[AT]GEDYTL", "aa_position": 0.296415, "nucleotide_position": 1935}, {"regex": "GEDYTLRLPVDCNPS", "aa_position": 0.300551, "nucleotide_position": 1962}, {"regex": "LRLPVDCNPSYVFHS", "aa_position": 0.302849, "nucleotide_position": 1977}, {"regex": "DCNPSYVFHSTDNAE", "aa_position": 0.305147, "nucleotide_position": 1992}, {"regex": "YVFHSTDNAETGV[IT]E", "aa_position": 0.307445, "nucleotide_position": 2007}, {"regex": "TDNAETGV[IT]EAGNTD", "aa_position": 0.309743, "nucleotide_position": 2022}, {"regex": "TGV[IT]EAGNTDTDFSG", "aa_position": 0.31204, "nucleotide_position": 2037}, {"regex": "AGNTDTDFSGELA[AV][SP]", "aa_position": 0.314338, "nucleotide_position": 2052}, {"regex": "TNVKFLFDRSRLLNV", "aa_position": 0.32307, "nucleotide_position": 2109}, {"regex": "LFDRSRLLNV[IV]KVLE", "aa_position": 0.325368, "nucleotide_position": 2124}, {"regex": "KVLE[KR]DAVFPRPFPT", "aa_position": 0.330423, "nucleotide_position": 2157}, {"regex": "QQDDGYFCLLTPRPT", "aa_position": 0.339154, "nucleotide_position": 2214}, {"regex": "YFCLLTPRPTVASRP", "aa_position": 0.341452, "nucleotide_position": 2229}, {"regex": "TPRPTVASRPATRFG", "aa_position": 0.34375, "nucleotide_position": 2244}, {"regex": "VASRPATRFGLY[AV][SN]P", "aa_position": 0.346048, "nucleotide_position": 2259}, {"regex": "GVLANTSLDFNF[FY]SL", "aa_position": 0.35432, "nucleotide_position": 2313}, {"regex": "SLACFTYFRSDLEVT", "aa_position": 0.360294, "nucleotide_position": 2352}, {"regex": "TYFRSDLEVTVVSLE", "aa_position": 0.362592, "nucleotide_position": 2367}, {"regex": "DLEVTVVSLEPDLEF", "aa_position": 0.36489, "nucleotide_position": 2382}, {"regex": "VVSLEPDLEFAV[GE]W[FS]", "aa_position": 0.367188, "nucleotide_position": 2397}, {"regex": "PSGS[GE]YQASSFVYDQ", "aa_position": 0.374081, "nucleotide_position": 2442}, {"regex": "YQASSFVYDQLHVP[FY]", "aa_position": 0.376379, "nucleotide_position": 2457}, {"regex": "FVYDQLHVP[FY]HFTGR", "aa_position": 0.378676, "nucleotide_position": 2472}, {"regex": "LHVP[FY]HFTGRTPRAF", "aa_position": 0.380974, "nucleotide_position": 2487}, {"regex": "SKGGK[IV]SFVLPWNSV", "aa_position": 0.388327, "nucleotide_position": 2535}, {"regex": "SFVLPWNSVSSVLPV", "aa_position": 0.391085, "nucleotide_position": 2553}, {"regex": "WNSVSSVLPVR[WR]GGA", "aa_position": 0.393382, "nucleotide_position": 2568}, {"regex": "SVLPVR[WR]GGASKLSS", "aa_position": 0.39568, "nucleotide_position": 2583}, {"regex": "R[WR]GGASKLSSATRGL", "aa_position": 0.397978, "nucleotide_position": 2598}, {"regex": "SKLSSATRGLP[AV]HAD", "aa_position": 0.400276, "nucleotide_position": 2613}, {"regex": "ATRGLP[AV]HADWGTIY", "aa_position": 0.402574, "nucleotide_position": 2628}, {"regex": "HADWGTIYAF[IV]PRPN", "aa_position": 0.40579, "nucleotide_position": 2649}, {"regex": "RPNEKK[GS][INT][AV][AV]KHVAV", "aa_position": 0.411305, "nucleotide_position": 2685}, {"regex": "KHVAVY[IV]RYKNARAW", "aa_position": 0.415901, "nucleotide_position": 2715}, {"regex": "RYKNARAWCPSMLPF", "aa_position": 0.419118, "nucleotide_position": 2736}, {"regex": "RAWCPSMLPFRSYKQ", "aa_position": 0.421415, "nucleotide_position": 2751}, {"regex": "SMLPFRSYKQ[KM]MLMQ", "aa_position": 0.423713, "nucleotide_position": 2766}, {"regex": "MLMQSGD[IV]ETNPGPA", "aa_position": 0.428768, "nucleotide_position": 2799}, {"regex": "NPGPA[ST][DE][HN]PILEFLE", "aa_position": 0.433364, "nucleotide_position": 2829}, {"regex": "PILEFLEAE[DN]DLVTL", "aa_position": 0.43704, "nucleotide_position": 2853}, {"regex": "SLWKMVHSVQQTWRK", "aa_position": 0.444393, "nucleotide_position": 2901}, {"regex": "VHSVQQTWRKYVKND", "aa_position": 0.446691, "nucleotide_position": 2916}, {"regex": "FWPNLLSELVGEGS[LIV]", "aa_position": 0.454044, "nucleotide_position": 2964}, {"regex": "ALAATLS[KN]QASVKAL", "aa_position": 0.460938, "nucleotide_position": 3009}, {"regex": "LHFL[FS]RGLNYTDFYS", "aa_position": 0.46875, "nucleotide_position": 3060}, {"regex": "RGLNYTDFYSLLIE[KR]", "aa_position": 0.471048, "nucleotide_position": 3075}, {"regex": "CSSFFTVEPPPPP[AV]E", "aa_position": 0.477941, "nucleotide_position": 3120}, {"regex": "TVEPPPPP[AV]ENLM[NT][KR]", "aa_position": 0.480239, "nucleotide_position": 3135}, {"regex": "PSV[KR]SKFRKLFKMQG", "aa_position": 0.487132, "nucleotide_position": 3180}, {"regex": "VKDWNQIAAGLKNFQ", "aa_position": 0.495864, "nucleotide_position": 3237}, {"regex": "QIAAGLKNFQFVRDL", "aa_position": 0.498162, "nucleotide_position": 3252}, {"regex": "LKNFQFVRDLV[KER]EVV", "aa_position": 0.50046, "nucleotide_position": 3267}, {"regex": "FVRDLV[KER]EVVDWLQA", "aa_position": 0.502757, "nucleotide_position": 3282}, {"regex": "KEKASPVLQYQLEMK", "aa_position": 0.511029, "nucleotide_position": 3336}, {"regex": "PVLQYQLEMKKLGPV", "aa_position": 0.513327, "nucleotide_position": 3351}, {"regex": "QLEMKKLGPVALAHD", "aa_position": 0.515625, "nucleotide_position": 3366}, {"regex": "KLGPVALAHD[AS]FMAG", "aa_position": 0.517923, "nucleotide_position": 3381}, {"regex": "ALAHD[AS]FMAGS[GR]PPL", "aa_position": 0.520221, "nucleotide_position": 3396}, {"regex": "IEYL[QR]NLKSLALTLG", "aa_position": 0.528952, "nucleotide_position": 3453}, {"regex": "NLKSLALTLGKTNLA", "aa_position": 0.53125, "nucleotide_position": 3468}, {"regex": "ALTLGKTNLAQS[LP]TT", "aa_position": 0.533548, "nucleotide_position": 3483}, {"regex": "KTNLAQS[LP]TTMIN[AV]K", "aa_position": 0.535846, "nucleotide_position": 3498}, {"regex": "SAQRVEPVVVVLR[GV]K", "aa_position": 0.543658, "nucleotide_position": 3549}, {"regex": "EPVVVVLR[GV]KPGCGK", "aa_position": 0.545956, "nucleotide_position": 3564}, {"regex": "VLR[GV]KPGCGKSL[LA]S[PT]", "aa_position": 0.548254, "nucleotide_position": 3579}, {"regex": "AQAVSKRLYGSQSVY", "aa_position": 0.556066, "nucleotide_position": 3630}, {"regex": "KRLYGSQSVYSLPPD", "aa_position": 0.558364, "nucleotide_position": 3645}, {"regex": "SQSVYSLPPDPDFFD", "aa_position": 0.560662, "nucleotide_position": 3660}, {"regex": "SLPPDPDFFDGYKGQ", "aa_position": 0.56296, "nucleotide_position": 3675}, {"regex": "MDDLGQNPDGQDFST", "aa_position": 0.571691, "nucleotide_position": 3732}, {"regex": "QNPDGQDFSTFCQMV", "aa_position": 0.573989, "nucleotide_position": 3747}, {"regex": "QDFSTFCQMVSTAQF", "aa_position": 0.576287, "nucleotide_position": 3762}, {"regex": "FCQMVSTAQFLPNMA", "aa_position": 0.578585, "nucleotide_position": 3777}, {"regex": "EKGRPFTS[DN]LIIATT", "aa_position": 0.586857, "nucleotide_position": 3831}, {"regex": "LIIATTNLPHFSPVT", "aa_position": 0.590993, "nucleotide_position": 3858}, {"regex": "TNLPHFSPVTIADPS", "aa_position": 0.59329, "nucleotide_position": 3873}, {"regex": "FSPVTIADPSAVSRR", "aa_position": 0.595588, "nucleotide_position": 3888}, {"regex": "IADPSAVSRRINYDL", "aa_position": 0.597886, "nucleotide_position": 3903}, {"regex": "AVSRRINYDLTLE[EV]S", "aa_position": 0.600184, "nucleotide_position": 3918}, {"regex": "INYDLTLE[EV]SEAYKK", "aa_position": 0.602482, "nucleotide_position": 3933}, {"regex": "RLNFDLAFRRTDAPP", "aa_position": 0.610294, "nucleotide_position": 3984}, {"regex": "LAFRRTDAPPI?Y?P?F?A?", "aa_position": 0.612592, "nucleotide_position": 3999}, {"regex": "TDAPPIYPFAAHVPF", "aa_position": 0.61489, "nucleotide_position": 4014}, {"regex": "IYPFAAHVPFV[GD]VA", "aa_position": 0.617188, "nucleotide_position": 4029}, {"regex": "A?H[LV][SP]FC?[CV][GDP][CV]A[LV]RG?R?G?", "aa_position": 0.619485, "nucleotide_position": 4044}, {"regex": "A?L?Q?K?[WLF][KS][SN][GE][HL]Q[SN][FP][NR][LV][LG]", "aa_position": 0.626838, "nucleotide_position": 4077}, {"regex": "[KS][SN][GE][HL]Q[SN][FP][NR][LV][LG][ER]L[YV]D?S?", "aa_position": 0.629136, "nucleotide_position": 4088}, {"regex": "[FP][NR][LV][LG][ER]L[YV]D?S?[LI]C[ATR][HD]I?[SR]", "aa_position": 0.631893, "nucleotide_position": 4106}, {"regex": "L[YV]D?S?[LI]C[ATR][HD]I?[SR][AS][QKE]QQG", "aa_position": 0.634191, "nucleotide_position": 4121}, {"regex": "C[ATR][HD]I?[SR][AS][QKE]QQGARNMQ", "aa_position": 0.636489, "nucleotide_position": 4130}, {"regex": "[AS][QKE]QQGARNMQTLVLQ", "aa_position": 0.638787, "nucleotide_position": 4143}, {"regex": "ARNMQTLVLQ[SN]PNE[NT]", "aa_position": 0.641085, "nucleotide_position": 4158}, {"regex": "VLQ[SN]PNE[NT][DE][GDN]TPVDE", "aa_position": 0.644301, "nucleotide_position": 4179}, {"regex": "RVL[ST]PAAVDEAL[IV]DL", "aa_position": 0.652574, "nucleotide_position": 4233}, {"regex": "ADPVGRLA[IV]LA[KE]LGL", "aa_position": 0.660846, "nucleotide_position": 4287}, {"regex": "LGLAL[AV]AVTPGLIIL", "aa_position": 0.66636, "nucleotide_position": 4323}, {"regex": "[AV]AVTPGLIILAVG[LF]Y", "aa_position": 0.668658, "nucleotide_position": 4338}, {"regex": "GLIILAVG[LF]Y[KR]YF[FS]G", "aa_position": 0.670956, "nucleotide_position": 4353}, {"regex": "YF[FS]GSD[AT]D[QR][DGE]ETE[SNTGC]E", "aa_position": 0.676011, "nucleotide_position": 4386}, {"regex": "ETE[SNTGC]E[GE][SP][ATV]KAPRSE[SN]", "aa_position": 0.680607, "nucleotide_position": 4416}, {"regex": "KAPRSE[SN][AT]YDG[LP]KKN", "aa_position": 0.684283, "nucleotide_position": 4440}, {"regex": "[AT]YDG[LP]KKNSKPPGAL", "aa_position": 0.6875, "nucleotide_position": 4461}, {"regex": "KKNSKPPGALSLMEM", "aa_position": 0.689798, "nucleotide_position": 4476}, {"regex": "PPGALSLMEMQQPNV", "aa_position": 0.692096, "nucleotide_position": 4491}, {"regex": "SLMEMQQPNVDMG[LF]E", "aa_position": 0.694393, "nucleotide_position": 4506}, {"regex": "EA[AG]VAKKVVVPITFM", "aa_position": 0.700827, "nucleotide_position": 4548}, {"regex": "KKVVVPITFMVP[SN]RP", "aa_position": 0.703125, "nucleotide_position": 4563}, {"regex": "PITFMVP[SN]RPSGLTQ", "aa_position": 0.705423, "nucleotide_position": 4578}, {"regex": "VP[SN]RPSGLTQSALLV", "aa_position": 0.707721, "nucleotide_position": 4593}, {"regex": "GRTFLINEHTWSN[SP]S", "aa_position": 0.715074, "nucleotide_position": 4641}, {"regex": "WSN[SP]SW[IT][SR]FTIRGEV", "aa_position": 0.719669, "nucleotide_position": 4671}, {"regex": "[AT]R[DT]EPFQTVHFTHHG", "aa_position": 0.727022, "nucleotide_position": 4719}, {"regex": "PTDL[MTV]MVRLGPGN[SP]F", "aa_position": 0.734375, "nucleotide_position": 4767}, {"regex": "MVRLGPGN[SP]FPNNLD", "aa_position": 0.736673, "nucleotide_position": 4782}, {"regex": "FGLDQMPARNSRVVG", "aa_position": 0.744026, "nucleotide_position": 4830}, {"regex": "SYGN[FS][LF][FS]SGNFLGFV", "aa_position": 0.752298, "nucleotide_position": 4884}, {"regex": "[LF][FS]SGNFLGFVDSI[ST][SP]", "aa_position": 0.754596, "nucleotide_position": 4899}, {"regex": "QGTYARLFRYRV[AT]TY", "aa_position": 0.761949, "nucleotide_position": 4947}, {"regex": "TYKGW[CR]GSALVCEAG", "aa_position": 0.767923, "nucleotide_position": 4986}, {"regex": "GSALVCEAGG[IV]RRII", "aa_position": 0.77068, "nucleotide_position": 5004}, {"regex": "HSAGAAGIGAGTY[IV]S", "aa_position": 0.778493, "nucleotide_position": 5055}, {"regex": "AGIGAGTY[IV]SKLGLI", "aa_position": 0.78079, "nucleotide_position": 5070}, {"regex": "GTY[IV]SKLGLIKAL[KNR]H", "aa_position": 0.783088, "nucleotide_position": 5085}, {"regex": "KLGLIKAL[KNR]HLG[GE]PL", "aa_position": 0.785386, "nucleotide_position": 5100}, {"regex": "KAL[KNR]HLG[GE]PL[AT]TMQG", "aa_position": 0.787684, "nucleotide_position": 5115}, {"regex": "ELEPG[AIV]T[IV]HV[LP]RKSK", "aa_position": 0.795956, "nucleotide_position": 5169}, {"regex": "[LP]RKSKLRK[AT][AT]AH[AT]VY", "aa_position": 0.800551, "nucleotide_position": 5199}, {"regex": "LRK[AT][AT]AH[AT]VYKPEFE", "aa_position": 0.802849, "nucleotide_position": 5214}, {"regex": "AH[AT]VYKPEFEPAVLS", "aa_position": 0.805147, "nucleotide_position": 5229}, {"regex": "KPEFEPAVLSK[FS]DPR", "aa_position": 0.807445, "nucleotide_position": 5244}, {"regex": "PAVLSK[FS]DPRL[DN]KDV", "aa_position": 0.809743, "nucleotide_position": 5259}, {"regex": "LDE[AMV]IW[SP]KHT[AT]NV[SP]Y", "aa_position": 0.817096, "nucleotide_position": 5307}, {"regex": "KHT[AT]NV[SP]YQP[SP]LFYT", "aa_position": 0.820312, "nucleotide_position": 5328}, {"regex": "EYAHRVFSFLGKDN[GD]", "aa_position": 0.828585, "nucleotide_position": 5382}, {"regex": "LTVKEAILGIPGLDP", "aa_position": 0.835938, "nucleotide_position": 5430}, {"regex": "AILGIPGLDPM[DV]PHT", "aa_position": 0.838235, "nucleotide_position": 5445}, {"regex": "PGLDPM[DV]PHTAPGLP", "aa_position": 0.840533, "nucleotide_position": 5460}, {"regex": "PHTAPGLPYA[ITV][SN]GLR", "aa_position": 0.84375, "nucleotide_position": 5481}, {"regex": "GLPYA[ITV][SN]GLRRTDLV", "aa_position": 0.846048, "nucleotide_position": 5496}, {"regex": "GLRRTDLV[DEN]F[AV][SN]GTV", "aa_position": 0.849265, "nucleotide_position": 5517}, {"regex": "L[AT][LMV]Q[IF]QKFL[DN]GDYSD", "aa_position": 0.857537, "nucleotide_position": 5571}, {"regex": "QKFL[DN]GDYSDHVFQT", "aa_position": 0.859835, "nucleotide_position": 5586}, {"regex": "GDYSDHVFQT[LF]LKD[GE]", "aa_position": 0.862132, "nucleotide_position": 5601}, {"regex": "IRPSE[KT]VRAGKTRIV", "aa_position": 0.869026, "nucleotide_position": 5646}, {"regex": "VRAGKTRIVDVPSLA", "aa_position": 0.871783, "nucleotide_position": 5664}, {"regex": "TRIVDVPSLAHCIVG", "aa_position": 0.874081, "nucleotide_position": 5679}, {"regex": "VPSLAHCIVGRMLLG", "aa_position": 0.876379, "nucleotide_position": 5694}, {"regex": "HCIVGRMLLGRFAAK", "aa_position": 0.878676, "nucleotide_position": 5709}, {"regex": "PGF[LP]LGSAIGSDPDV", "aa_position": 0.887408, "nucleotide_position": 5766}, {"regex": "GSAIGSDPDVF[WR]T[AV]I", "aa_position": 0.889706, "nucleotide_position": 5781}, {"regex": "SDPDVF[WR]T[AV]I[GV]AQLE", "aa_position": 0.892004, "nucleotide_position": 5796}, {"regex": "[KR]N[MT]YDV[GD]YSA[FN]D[LS]SH", "aa_position": 0.899816, "nucleotide_position": 5847}, {"regex": "V[GD]YSA[FN]D[LS]SHG[AT]GSF", "aa_position": 0.902114, "nucleotide_position": 5862}, {"regex": "LI[FSY]H[LF]FTVDNGFSP[AV]", "aa_position": 0.909926, "nucleotide_position": 5913}, {"regex": "FTVDNGFSP[AV]LG[SP]YL", "aa_position": 0.912224, "nucleotide_position": 5928}, {"regex": "YLRSLAVSVHAYGER", "aa_position": 0.918199, "nucleotide_position": 5967}, {"regex": "AVSVHAYGERRIKIT", "aa_position": 0.920496, "nucleotide_position": 5982}, {"regex": "AYGERRIKITGGLPS", "aa_position": 0.922794, "nucleotide_position": 5997}, {"regex": "RIKITGGLPSGCAAT", "aa_position": 0.925092, "nucleotide_position": 6012}, {"regex": "GGLPSGCAATSLL[IN]T", "aa_position": 0.92739, "nucleotide_position": 6027}, {"regex": "GCAATSLL[IN]TVLNNV", "aa_position": 0.929688, "nucleotide_position": 6042}, {"regex": "SLL[IN]TVLNNVI[IV]RTA", "aa_position": 0.931985, "nucleotide_position": 6057}, {"regex": "ALTYKE[LF]EYDMVDII", "aa_position": 0.939338, "nucleotide_position": 6105}, {"regex": "DMVDIIA[CY][GS]DDL[LM]VG", "aa_position": 0.943474, "nucleotide_position": 6132}, {"regex": "DDL[LM]VG[AST]DYD[LV]DFNE", "aa_position": 0.94761, "nucleotide_position": 6159}, {"regex": "YD[LV]DFNEV[AV]RRAA[IKR]L", "aa_position": 0.951287, "nucleotide_position": 6183}, {"regex": "LG[CY][KR][IM]TPA[NY]KGSVFP", "aa_position": 0.957721, "nucleotide_position": 6225}, {"regex": "TPA[YN]KGSVFPPTSSL", "aa_position": 0.960018, "nucleotide_position": 6240}, {"regex": "GSVFPPTSSLSDA[AV]F", "aa_position": 0.962316, "nucleotide_position": 6255}, {"regex": "PTSSLSDA[AV]FL[KE]R[KR]F", "aa_position": 0.964614, "nucleotide_position": 6270}, {"regex": "SDA[AV]FL[KE]R[KR]FVQ[SN]ND", "aa_position": 0.966912, "nucleotide_position": 6285}, {"regex": "PVMD[LASV]K[SN]LEA[LM][LF]SYF", "aa_position": 0.975643, "nucleotide_position": 6342}, {"regex": "LEA[LM][LF]SYFKPGTLLE", "aa_position": 0.97886, "nucleotide_position": 6363}, {"regex": "SYFKPGTLLEKLQSV", "aa_position": 0.981158, "nucleotide_position": 6378}, {"regex": "GTLLEKLQSVSMLAQ", "aa_position": 0.983456, "nucleotide_position": 6393}, {"regex": "KLQSVSMLAQHSG[KR]E", "aa_position": 0.985754, "nucleotide_position": 6408}, {"regex": "RLM[HR]PF[AV]DYGAVPSH", "aa_position": 0.994026, "nucleotide_position": 6462}, {"regex": "DYGAVPSH[GE]YLQ[ATV]RW", "aa_position": 0.997243, "nucleotide_position": 6483}, {"regex": "SH[GE]YLQ[ATV]RWRA[LS]F[DE][x]", "aa_position": 1, "nucleotide_position": 6501}], "VP1": [{"regex": "STDNAETGV[IT]EAGNT", "aa_position": 0, "nucleotide_position": 0}, {"regex": "ETGV[IT]EAGNTDTDFS", "aa_position": 0.02008, "nucleotide_position": 15}, {"regex": "EAGNTDTDFSGELA[AV]", "aa_position": 0.040161, "nucleotide_position": 30}, {"regex": "[SP]GSN[QH]TNVKFLFDRS", "aa_position": 0.100402, "nucleotide_position": 75}, {"regex": "TNVKFLFDRSRLLNV", "aa_position": 0.120482, "nucleotide_position": 90}, {"regex": "LFDRSRLLNV[IV]KVLE", "aa_position": 0.140562, "nucleotide_position": 105}, {"regex": "KVLE[KR]DAVFPRPFPT", "aa_position": 0.184739, "nucleotide_position": 138}, {"regex": "QQDDGYFCLLTPRPT", "aa_position": 0.261044, "nucleotide_position": 195}, {"regex": "YFCLLTPRPTVASRP", "aa_position": 0.281124, "nucleotide_position": 210}, {"regex": "TPRPTVASRPATRFG", "aa_position": 0.301205, "nucleotide_position": 225}, {"regex": "VASRPATRFGLY[AV][SN]P", "aa_position": 0.321285, "nucleotide_position": 240}, {"regex": "GVLANTSLDFNF[FY]SL", "aa_position": 0.393574, "nucleotide_position": 294}, {"regex": "SLACFTYFRSDLEVT", "aa_position": 0.445783, "nucleotide_position": 333}, {"regex": "TYFRSDLEVTVVSLE", "aa_position": 0.465863, "nucleotide_position": 348}, {"regex": "DLEVTVVSLEPDLEF", "aa_position": 0.485944, "nucleotide_position": 363}, {"regex": "VVSLEPDLEFAV[GE]W[FS]", "aa_position": 0.506024, "nucleotide_position": 378}, {"regex": "PSGS[GE]YQASSFVYDQ", "aa_position": 0.566265, "nucleotide_position": 423}, {"regex": "YQASSFVYDQLHVP[FY]", "aa_position": 0.586345, "nucleotide_position": 438}, {"regex": "FVYDQLHVP[FY]HFTGR", "aa_position": 0.606426, "nucleotide_position": 453}, {"regex": "LHVP[FY]HFTGRTPRAF", "aa_position": 0.626506, "nucleotide_position": 468}, {"regex": "SKGGK[IV]SFVLPWNSV", "aa_position": 0.690763, "nucleotide_position": 516}, {"regex": "SFVLPWNSVSSVLPV", "aa_position": 0.714859, "nucleotide_position": 534}, {"regex": "WNSVSSVLPVR[WR]GGA", "aa_position": 0.73494, "nucleotide_position": 549}, {"regex": "SVLPVR[WR]GGASKLSS", "aa_position": 0.75502, "nucleotide_position": 564}, {"regex": "R[WR]GGASKLSSATRGL", "aa_position": 0.7751, "nucleotide_position": 579}, {"regex": "SKLSSATRGLP[AV]HAD", "aa_position": 0.795181, "nucleotide_position": 594}, {"regex": "ATRGLP[AV]HADWGTIY", "aa_position": 0.815261, "nucleotide_position": 609}, {"regex": "HADWGTIYAF[IV]PRPN", "aa_position": 0.843373, "nucleotide_position": 630}, {"regex": "RPNEKK[GS][INT][AV][AV]KHVAV", "aa_position": 0.891566, "nucleotide_position": 666}, {"regex": "KHVAVY[IV]RYKNARAW", "aa_position": 0.931727, "nucleotide_position": 696}, {"regex": "RYKNARAWCPSMLPF", "aa_position": 0.959839, "nucleotide_position": 717}, {"regex": "SMLPFRSYKQ[KM]MLMQ", "aa_position": 1, "nucleotide_position": 747}], "VP2": [{"regex": "DHNTEEM[GE]NSADRV[IMT]", "aa_position": 0, "nucleotide_position": 0}, {"regex": "TQTAGNTAINTQSSL", "aa_position": 0.055762, "nucleotide_position": 45}, {"regex": "NTAINTQSSLGVLCA", "aa_position": 0.074349, "nucleotide_position": 60}, {"regex": "TQSSLGVLCAYVEDP", "aa_position": 0.092937, "nucleotide_position": 75}, {"regex": "PPSSSTDQPTTTFTA", "aa_position": 0.163569, "nucleotide_position": 132}, {"regex": "TDQPTTTFTAIDRWY", "aa_position": 0.182156, "nucleotide_position": 147}, {"regex": "TTFTAIDRWYTGRLN", "aa_position": 0.200743, "nucleotide_position": 162}, {"regex": "IDRWYTGRLNSWT[KN]A", "aa_position": 0.219331, "nucleotide_position": 177}, {"regex": "TGRLNSWT[KN]AVKTFS", "aa_position": 0.237918, "nucleotide_position": 192}, {"regex": "TFSFQAV[SP][LP]PGAFLS", "aa_position": 0.282528, "nucleotide_position": 228}, {"regex": "PGAFLSRQGGL[KN]GGA", "aa_position": 0.315985, "nucleotide_position": 255}, {"regex": "GAFTAT[LQ]H[GR]HFLMKC", "aa_position": 0.364312, "nucleotide_position": 294}, {"regex": "HFLMKCGWQVQVQCN", "aa_position": 0.39777, "nucleotide_position": 321}, {"regex": "CGWQVQVQCNLTQFH", "aa_position": 0.416357, "nucleotide_position": 336}, {"regex": "QVQCNLTQFHQGALL", "aa_position": 0.434944, "nucleotide_position": 351}, {"regex": "LTQFHQGALLVAM[IV]P", "aa_position": 0.453532, "nucleotide_position": 366}, {"regex": "PE[AT]TLDV[KR]PDGKAKS", "aa_position": 0.505576, "nucleotide_position": 408}, {"regex": "ELNEEQWVEMSDDY[WR]", "aa_position": 0.568773, "nucleotide_position": 459}, {"regex": "QWVEMSDDY[WR]TGKNM", "aa_position": 0.587361, "nucleotide_position": 474}, {"regex": "SDDY[WR]TGKNMPFQSL", "aa_position": 0.605948, "nucleotide_position": 489}, {"regex": "TGKNMPFQSLGT[HY]YR", "aa_position": 0.624535, "nucleotide_position": 504}, {"regex": "PFQSLGT[HY]YRPPNWT", "aa_position": 0.643123, "nucleotide_position": 519}, {"regex": "YRPPNWTWGPN[LF]INP", "aa_position": 0.672862, "nucleotide_position": 543}, {"regex": "WTWGPN[LF]INPYQVTV", "aa_position": 0.69145, "nucleotide_position": 558}, {"regex": "INPYQVTVFP[HR]QILN", "aa_position": 0.717472, "nucleotide_position": 579}, {"regex": "VTVFP[HR]QILNARTST", "aa_position": 0.736059, "nucleotide_position": 594}, {"regex": "QILNARTSTSVDI[SN]V", "aa_position": 0.758364, "nucleotide_position": 612}, {"regex": "VPYIG[GE]TPTQ[SP]SETQ", "aa_position": 0.810409, "nucleotide_position": 654}, {"regex": "TPTQ[SP]SETQNSWTLL", "aa_position": 0.832714, "nucleotide_position": 672}, {"regex": "SETQNSWTLLVMVLV", "aa_position": 0.851301, "nucleotide_position": 687}, {"regex": "SWTLLVMVLVPLDY[KR]", "aa_position": 0.869888, "nucleotide_position": 702}, {"regex": "VMVLVPLDY[KR]EGATT", "aa_position": 0.888476, "nucleotide_position": 717}, {"regex": "EGATTDP[KE]ITFSVRP", "aa_position": 0.925651, "nucleotide_position": 747}, {"regex": "DP[KE]ITFSVRPTSPYF", "aa_position": 0.944238, "nucleotide_position": 762}, {"regex": "[SN]GLRNR[FY][KTR][AT]GTDEEQ", "aa_position": 1, "nucleotide_position": 807}], "VP3": [{"regex": "GPIPT[AT]PRENSLMFL", "aa_position": 0, "nucleotide_position": 0}, {"regex": "PDDTVPAYGNVRTPP", "aa_position": 0.080357, "nucleotide_position": 54}, {"regex": "PAYGNVRTPPVNYLP", "aa_position": 0.102679, "nucleotide_position": 69}, {"regex": "VRTPPVNYLPGE[IV]TD", "aa_position": 0.125, "nucleotide_position": 84}, {"regex": "VNYLPGE[IV]TDLLQL[AG]", "aa_position": 0.147321, "nucleotide_position": 99}, {"regex": "TDLLQL[AG][PR][IYT][PT][HT][LS][HM][AG][FV]", "aa_position": 0.183036, "nucleotide_position": 123}, {"regex": "EP[EV]P[AV]SD[AT]Y[LV]PY[AV][PAT]V", "aa_position": 0.267857, "nucleotide_position": 180}, {"regex": "PY[AV][PAT]VP[ATV]QF[DE]D[KR]PLI", "aa_position": 0.3125, "nucleotide_position": 210}, {"regex": "QF[DE]D[KR]PLISFPITLS", "aa_position": 0.34375, "nucleotide_position": 231}, {"regex": "PLISFPITLSDPVYQ", "aa_position": 0.366071, "nucleotide_position": 246}, {"regex": "PITLSDPVYQNTLVG", "aa_position": 0.388393, "nucleotide_position": 261}, {"regex": "DPVYQNTLVGAISSN", "aa_position": 0.410714, "nucleotide_position": 276}, {"regex": "NTLVGAISSNFANYR", "aa_position": 0.433036, "nucleotide_position": 291}, {"regex": "AISSNFANYRGC[IV]QI", "aa_position": 0.455357, "nucleotide_position": 306}, {"regex": "FANYRGC[IV]QITLT[LF][SC]", "aa_position": 0.477679, "nucleotide_position": 321}, {"regex": "[RMV]ARGK[FS]LLSY[SP]PPNG", "aa_position": 0.558036, "nucleotide_position": 375}, {"regex": "QPQTLS[KE]AMQCTYSI", "aa_position": 0.629464, "nucleotide_position": 423}, {"regex": "GLNSSWTFV[IV]PYISP", "aa_position": 0.709821, "nucleotide_position": 477}, {"regex": "PYISPSDYRETRA[IF]T", "aa_position": 0.754464, "nucleotide_position": 507}, {"regex": "SVY[FS][AT]D[GD]WFSLHKLT", "aa_position": 0.825893, "nucleotide_position": 555}, {"regex": "D[GD]WFSLHKLTKITLP", "aa_position": 0.848214, "nucleotide_position": 570}, {"regex": "LHKLTKITLPP[DGE]CPQ", "aa_position": 0.870536, "nucleotide_position": 585}, {"regex": "PCILFF[AV]S[AT]GEDYTL", "aa_position": 0.941964, "nucleotide_position": 633}, {"regex": "S[AT]GEDYTLRLPVDCN", "aa_position": 0.973214, "nucleotide_position": 654}, {"regex": "TLRLPVDCNPSYVFH", "aa_position": 1, "nucleotide_position": 672}], "VP4": [{"regex": "GNV[QH]T[PT]SK[KN]DFDSRG", "aa_position": 0, "nucleotide_position": 0}, {"regex": "DFDSRGNNGNMTFNY", "aa_position": 0.160714, "nucleotide_position": 27}, {"regex": "GNNGNMTFNYYANTY", "aa_position": 0.25, "nucleotide_position": 42}, {"regex": "MTFNYYANTYQNSVD", "aa_position": 0.339286, "nucleotide_position": 57}, {"regex": "TSSSASGAGPGNSRG", "aa_position": 0.642857, "nucleotide_position": 108}, {"regex": "SGAGPGNSRGGLAGL", "aa_position": 0.732143, "nucleotide_position": 123}, {"regex": "LT[DN]FSGIL[SN]PLGYL[KR]", "aa_position": 1, "nucleotide_position": 168}]}