{"C": [{"regex": "S[DE][AGDE][GS][ASVPT][DSNRG][AGS][IGSN][KNER][DEN]KKPDR", "aa_position": 0, "nucleotide_position": 0}, {"regex": "[KR][GV][KNE]L[KR]I[AT]P[KR][GE][HY]EKDS", "aa_position": 0.202381, "nucleotide_position": 51}, {"regex": "[KR][SP]PDA[MT][IM]V[AV]EG[IV][KR][SY]Q", "aa_position": 0.404762, "nucleotide_position": 102}, {"regex": "KGK[IV][KNR]G[KNR][SN]TQ[GD]GLYH", "aa_position": 0.619048, "nucleotide_position": 156}, {"regex": "GLYHN[KR][KN][KR]PP[GE]SR[KR]K", "aa_position": 0.75, "nucleotide_position": 189}, {"regex": "PP[GE]SR[KR]KL[KE]K[AT]LLAW", "aa_position": 0.845238, "nucleotide_position": 213}, {"regex": "AWA[IV][IMV][AT][ITV][LAVFM][LIM][CY]QP[LAIV][AVKTE]A", "aa_position": 1, "nucleotide_position": 252}], "E0": [{"regex": "[GEV]N[IMV][IT]QWNLSD[NY][GS]T[DSN]G", "aa_position": 0, "nucleotide_position": 0}, {"regex": "M[HY][LFR]R[GR][IV][SN][TR]SL[HD]GIW[SP]", "aa_position": 0.089623, "nucleotide_position": 57}, {"regex": "SL[HD]GIW[SP][GE][KER]ICKGVP", "aa_position": 0.127358, "nucleotide_position": 81}, {"regex": "ICKGVP[ST][HY][LF][AV]T[DV][MTV]EL", "aa_position": 0.169811, "nucleotide_position": 108}, {"regex": "I[LHQR]GMMD[AGT][SN]E[GKR]TN[FY][AT]C", "aa_position": 0.25, "nucleotide_position": 159}, {"regex": "TN[FY][AT]CC[KR][LS]QR[HP]EWNK", "aa_position": 0.29717, "nucleotide_position": 189}, {"regex": "[LS]QR[HP]EWNK[HY]GWCNW[HY]", "aa_position": 0.330189, "nucleotide_position": 210}, {"regex": "WNK[HY]GWCNW[HY][SN][IV][GDN]PW", "aa_position": 0.353774, "nucleotide_position": 225}, {"regex": "WCNW[HY][SN][IV][GDN]PW[IV][QP][LP]MN", "aa_position": 0.377358, "nucleotide_position": 240}, {"regex": "[IV][GDN]PW[IV][QP][LP]MN[KR]TQ[AT][SDN]L", "aa_position": 0.40566, "nucleotide_position": 258}, {"regex": "[DGE][GS]PP[DASNVE][KR]ECAVTCRYD", "aa_position": 0.481132, "nucleotide_position": 306}, {"regex": "D[IV]NV[AV]?[AT]QARN[GR]P[AT]TL", "aa_position": 0.566038, "nucleotide_position": 360}, {"regex": "QARN[GR]P[AT]TLT[GD]CK[KR]G", "aa_position": 0.59434, "nucleotide_position": 378}, {"regex": "P[AT]TLT[GD]CK[KR]GK[KN][LFS]SF", "aa_position": 0.617925, "nucleotide_position": 393}, {"regex": "[GD]CK[KR]GK[KN][LFS]SF[ADV]GT[IV]I", "aa_position": 0.641509, "nucleotide_position": 408}, {"regex": "[AP][CR][FIN][LFS][DHN][IV]S[AV]ED[IT]LY[GE]D", "aa_position": 0.721698, "nucleotide_position": 459}, {"regex": "[IV]S[AV]ED[IT]LY[GE]D[HN][GE][SCY][DSRGC]S", "aa_position": 0.745283, "nucleotide_position": 474}, {"regex": "D[MAT][AS][LQ][HY]L[LIV][DE]G[MV]TN[AT]IE", "aa_position": 0.830189, "nucleotide_position": 528}, {"regex": "[DE]G[MV]TN[AT]IE[SNRKTG]A[SR]Q[GS]AA", "aa_position": 0.863208, "nucleotide_position": 549}, {"regex": "A[SR]Q[GS]AA[KR][AIV]TSW[LIF]GRQ", "aa_position": 0.90566, "nucleotide_position": 576}, {"regex": "A[KR][AIV]TSW[LIF]GRQ[LF][KSR][AIT][AT]G", "aa_position": 0.929245, "nucleotide_position": 591}, {"regex": "[GKR][KR]LE[GSR][GR]S[IKR][AT]WFGAYA", "aa_position": 1, "nucleotide_position": 636}], "E1": [{"regex": "[LH]SPYC[DN][AV][ST][KSR]K[IV]G[HY][IV]W", "aa_position": 0, "nucleotide_position": 0}, {"regex": "G[HY][IV]W[HY][NT][DSN]NCTPACLP", "aa_position": 0.055, "nucleotide_position": 33}, {"regex": "IIGPGKFDTNAEDGK", "aa_position": 0.15, "nucleotide_position": 90}, {"regex": "KFDTNAEDGK[IT]L[HQ]EM", "aa_position": 0.175, "nucleotide_position": 105}, {"regex": "AEDGK[IT]L[HQ]EM[GR]G[HR][LI]S", "aa_position": 0.2, "nucleotide_position": 120}, {"regex": "EM[GR]G[HR][LI]SE[LF][LQ]LLSLV", "aa_position": 0.24, "nucleotide_position": 144}, {"regex": "LLSLV[ISV]LS[DN]FA[YP]ETA", "aa_position": 0.29, "nucleotide_position": 174}, {"regex": "LS[DN]FA[YP]ETAS[AMT]LYLI", "aa_position": 0.32, "nucleotide_position": 192}, {"regex": "ETAS[AMT]LYLI[LFS][HY]Y[ATMV][IV]P", "aa_position": 0.35, "nucleotide_position": 210}, {"regex": "[DGKE][GEV][LSP][DGKE][SGD]CDTNQ[LP]NLTV", "aa_position": 0.44, "nucleotide_position": 264}, {"regex": "CDTNQ[LP]NLTV[GEK]L[KTR]T[QE]", "aa_position": 0.465, "nucleotide_position": 279}, {"regex": "PSS[IV][WC][SN][LIV]G[KER]YVC[IV][KR]P", "aa_position": 0.555, "nucleotide_position": 333}, {"regex": "G[KER]YVC[IV][KR]P[GD]WWPYET", "aa_position": 0.59, "nucleotide_position": 354}, {"regex": "P[GD]WWPYET[KE]V[AV]LLFE", "aa_position": 0.625, "nucleotide_position": 375}, {"regex": "YET[KE]V[AV]LLFEE[AV][GE]Q[IV]", "aa_position": 0.65, "nucleotide_position": 390}, {"regex": "LLFEE[AV][GE]Q[IV][IV][KN][LS][AITV][LV]R", "aa_position": 0.68, "nucleotide_position": 408}, {"regex": "R[AV][LMV][GR]DL[ITV][KR][AV][WR][SN]SAST", "aa_position": 0.75, "nucleotide_position": 450}, {"regex": "[KR][AV][WR][SN]SAST[IT][AT]FLICL", "aa_position": 0.785, "nucleotide_position": 471}, {"regex": "AST[IT][AT]FLICL[IV][KR][ITV]LR", "aa_position": 0.81, "nucleotide_position": 486}, {"regex": "FLICL[IV][KR][ITV]LRGQ[IV][GV]Q", "aa_position": 0.835, "nucleotide_position": 501}, {"regex": "LRGQ[IV][GV]QG[IV][ITV]WLLLV", "aa_position": 0.875, "nucleotide_position": 525}, {"regex": "[GV]QG[IV][ITV]WLLLVTG?A?P?V?", "aa_position": 0.9, "nucleotide_position": 540}, {"regex": "WLLLVTGAPVSCTHL", "aa_position": 0.925, "nucleotide_position": 555}, {"regex": "AAADYKDDDDKGAQG", "aa_position": 1, "nucleotide_position": 572}], "E2": [{"regex": "[QR]L[ASTV]C[KR][KE][GDEN][HFY]RYA[LI]S[ST]T", "aa_position": 0, "nucleotide_position": 0}, {"regex": "S[ST]T[DN][GKE]IG[LP]LGA[RKIGE][GD]LT", "aa_position": 0.03352, "nucleotide_position": 36}, {"regex": "LGA[RKIGE][GD]LTT[IT]W[RKTQE][DE][HFY][DSNRT][HYQ]", "aa_position": 0.055866, "nucleotide_position": 60}, {"regex": "W[RKTQE][DE][HFY][DSNRT][HYQ][DGSN][LF][QH]L[DN]DGT[IV]", "aa_position": 0.081006, "nucleotide_position": 87}, {"regex": "DGT[IV][KR][AT][ISTV]C[AVIMTE]AG[FS]F[KTR][AIV]", "aa_position": 0.111732, "nucleotide_position": 120}, {"regex": "AG[FS]F[KTR][AIV][RVIMT]A[LI][DNT][AV]VSRR", "aa_position": 0.136872, "nucleotide_position": 147}, {"regex": "A[LI][DNT][AV]VSRRYLASL[HQ][KEN]", "aa_position": 0.156425, "nucleotide_position": 168}, {"regex": "A[LS][LSP]TSV[AT]F[GE]LLFDGT", "aa_position": 0.201117, "nucleotide_position": 216}, {"regex": "V[AT]F[GE]LLFDGT[ASNRT]P[LASVT][ISTV][EV]", "aa_position": 0.215084, "nucleotide_position": 231}, {"regex": "[EV]M[DGE]D[DEN]F[GER][FS]G[QL]CP[SLFY]DT", "aa_position": 0.256983, "nucleotide_position": 276}, {"regex": "KG[KR]YN[AT]TL[LFV][SN]GS[AT]FY", "aa_position": 0.310056, "nucleotide_position": 333}, {"regex": "TL[LFV][SN]GS[AT]FYLVCPI[WG]", "aa_position": 0.326816, "nucleotide_position": 351}, {"regex": "FYLVCPI[WG]W[MT]G[AIV][IMV]EC", "aa_position": 0.346369, "nucleotide_position": 372}, {"regex": "ECT[AS][FV][SN][MP][DST]T[LS]RTEVV", "aa_position": 0.382682, "nucleotide_position": 411}, {"regex": "[SN][MP][DST]T[LS]RTEVVKTF[KR]R", "aa_position": 0.396648, "nucleotide_position": 426}, {"regex": "RTEVVKTF[KR]R[DGE][KR]PFP", "aa_position": 0.410615, "nucleotide_position": 441}, {"regex": "[KR]PFP[HY][GR][ARVKTMG][DNFGE]C[LAVIM][IT][IT][MITV]V[EV]", "aa_position": 0.441341, "nucleotide_position": 474}, {"regex": "DL[LFY][HYN]C[KNR][WL]GGNWTCV[KR]", "aa_position": 0.488827, "nucleotide_position": 525}, {"regex": "[WL]GGNWTCV[KR]G[DANGE][PR][AV][ANVIT]Y", "aa_position": 0.505587, "nucleotide_position": 543}, {"regex": "GG[LQPV]V[KNTR][RQL]C[KR]W[GC]G[LF][DYNVE]F[KDEN]", "aa_position": 0.550279, "nucleotide_position": 591}, {"regex": "W[GC]G[LF][DYNVE]F[DKNE][VGEK]P[DEY]GLPH[FY]", "aa_position": 0.572626, "nucleotide_position": 615}, {"regex": "F[DKNE][GKEV]P[DEY]GLPH[FY]P[LI]GKC", "aa_position": 0.586592, "nucleotide_position": 630}, {"regex": "GLPH[FY]P[LI]GKC[ITV][LP][ASVTE]NE", "aa_position": 0.600559, "nucleotide_position": 645}, {"regex": "NET[GS]YR[IMV]VD[LST][AT][GSDN]C[STN][GR]", "aa_position": 0.636872, "nucleotide_position": 684}, {"regex": "VD[LST][AT][DGSN]C[SNT][GR][GDN]GV[LIV][IV][GSR][AIT]", "aa_position": 0.656425, "nucleotide_position": 705}, {"regex": "[DKE]G[DGSE]HE[WC]L[IV]G[SN]T[ST]V[KR]V", "aa_position": 0.698324, "nucleotide_position": 750}, {"regex": "[WC]L[IV]G[SN]T[ST]V[KR]V[LYHR]A[MLST][GD][AGER]", "aa_position": 0.712291, "nucleotide_position": 765}, {"regex": "PMPC[KR][HP]K[KE][IT][AIV][LSP]S[ASE]GP", "aa_position": 0.76257, "nucleotide_position": 819}, {"regex": "[LSP]S[ASE]GP[AV][SRKME]K[AT]SCTF[KN]Y", "aa_position": 0.790503, "nucleotide_position": 849}, {"regex": "TL[KR]N[KR][YN]YE[LP]R[GD][SN][CY]FQ", "aa_position": 0.837989, "nucleotide_position": 900}, {"regex": "YE[LP]R[GD][SN][CY]FQ[QR]YMLKG", "aa_position": 0.854749, "nucleotide_position": 918}, {"regex": "[CY]FQ[QR]YMLKGEY[QK]YWF", "aa_position": 0.871508, "nucleotide_position": 936}, {"regex": "MLKGEY[QK]YWF[DN]L[DE][AMV][AT]", "aa_position": 0.885475, "nucleotide_position": 951}, {"regex": "D[HR]H[AST][GDE]Y[LF]AE[LF][LIV]V[LM]VV", "aa_position": 0.927374, "nucleotide_position": 996}, {"regex": "Y[LF]AE[LF][LIV]V[LM]VV[AV]ALLG", "aa_position": 0.941341, "nucleotide_position": 1011}, {"regex": "V[LM]VV[AV]ALLGGRY[AIV]L[WV]", "aa_position": 0.958101, "nucleotide_position": 1029}, {"regex": "ALLGGRY[AIV]L[WV]L[IV]V[AT][CYL]", "aa_position": 0.972067, "nucleotide_position": 1044}, {"regex": "L[IV]V[AT][CLY][ALVIMT][AIV]LTEQ[LFP]A[AT]G", "aa_position": 1, "nucleotide_position": 1074}], "N-Pro": [{"regex": "[MV]E[LM][DNKTH][HYNR][FS][DE][LF]LY[GKER]T[SN][KE][QR]", "aa_position": 0, "nucleotide_position": 0}, {"regex": "T[SN][KE][QR][KR][SP][AVIKM]G[AV]EEPV[DY]D", "aa_position": 0.071895, "nucleotide_position": 33}, {"regex": "G[KTR]P[LF][LFS]G[VGDN][SPT][GSN][EV][LIV]HP[QL]S", "aa_position": 0.183007, "nucleotide_position": 84}, {"regex": "[GDNV][SPT][GSN][EV][LIV]HP[QL]STLK[LI][PT]H", "aa_position": 0.222222, "nucleotide_position": 102}, {"regex": "HP[QL]STLK[LI][PT]H[DEN]RG[KR][GS]", "aa_position": 0.254902, "nucleotide_position": 117}, {"regex": "[IKR]T[IT]L[NRKHE][DGNY]LP[KR][KR]G[DE]C[WR][GSN]", "aa_position": 0.366013, "nucleotide_position": 168}, {"regex": "[DGNY]LP[KR][KR]G[DE]C[WR][GSN]GN[HR]L[GR]", "aa_position": 0.398693, "nucleotide_position": 183}, {"regex": "G[DE]C[WR][GSN]GN[HR]L[GR][LP][IV]SG[ITV]", "aa_position": 0.431373, "nucleotide_position": 198}, {"regex": "GN[HR]L[GR][LP][IV]SG[ITV]Y[AIV]KPG", "aa_position": 0.464052, "nucleotide_position": 213}, {"regex": "QDY[MITV][GD]P[AV]Y[HY]RAPLE[LF]", "aa_position": 0.588235, "nucleotide_position": 270}, {"regex": "Y[HY]RAPLE[LF]F[DASNHGE]E[ATV][QR][LFC]C", "aa_position": 0.633987, "nucleotide_position": 291}, {"regex": "[LFC]C[DE][MV][AT][KR]RIGRVTG[SN]D", "aa_position": 0.718954, "nucleotide_position": 330}, {"regex": "[KR]RIGRVTG[SN]D[SGE][KR]LYH", "aa_position": 0.751634, "nucleotide_position": 345}, {"regex": "LYH[LIMT][HY][AV][CR][ITV][GD]G[CY][LIV]LL[KER]", "aa_position": 0.830065, "nucleotide_position": 381}, {"regex": "[AV][CR][ITV][GD]G[CY][LIV]LL[KER][LSQ]A[KT][KR][DGSN]", "aa_position": 0.862745, "nucleotide_position": 396}, {"regex": "LL[KER][LSQ]A[KT][KR][SGDN][AIET]P[IGKR][IST][LR]KW", "aa_position": 0.908497, "nucleotide_position": 417}, {"regex": "W[ITV][SR]N[LFSY]T[DN]CPLWV[AT]SC", "aa_position": 1, "nucleotide_position": 459}], "NS2": [{"regex": "[GR][IQKR][MAIT][GDEN][GS]GW[RHQL][WSR][QL][LSP][GEV][AINT][GSNT][ILF]", "aa_position": 0, "nucleotide_position": 0}, {"regex": "Q[LF][AMV][LF][AT]V[LAVIT][LIV]V[ASV][AV]ML[LSM]A", "aa_position": 0.038462, "nucleotide_position": 51}, {"regex": "V[LAVIT][LIV]V[ASV][AV]ML[LSM]A[KR][KR]D[LP][IT]", "aa_position": 0.049774, "nucleotide_position": 66}, {"regex": "[AV]ML[LSM]A[KR][KR]D[LP][IT][LT][LSVFIP][SPT]LV", "aa_position": 0.061086, "nucleotide_position": 81}, {"regex": "[IT][LT][LSVIFP][SPT]LV[AIV]TV[AV][PAT]L[KR]TA", "aa_position": 0.081448, "nucleotide_position": 108}, {"regex": "V[AIV]TV[AV][APT]L[KR]TA[KR][IMV]T[SN]G", "aa_position": 0.09276, "nucleotide_position": 123}, {"regex": "TD[LIQ][ATV][IM][AV]T[IV][LS][ATV][ATV][LM]L[IT]W", "aa_position": 0.131222, "nucleotide_position": 174}, {"regex": "T[IV][LS][ATV][ATV][LM]L[IT]W[ST]Y[IN][CKS]DY", "aa_position": 0.144796, "nucleotide_position": 192}, {"regex": "[LM]L[IT]W[ST]Y[IN][CKS]DY[FY][KR][SY]KT", "aa_position": 0.156109, "nucleotide_position": 207}, {"regex": "[SY]KT[WL][LIQ]Q[YN]L[IV]S[IT][RMV][AT]G[IN]", "aa_position": 0.183258, "nucleotide_position": 243}, {"regex": "[AT]G[IN][FS][LM]I[KR][AEV][LH]KG[LIKV]GE[LM]", "aa_position": 0.210407, "nucleotide_position": 279}, {"regex": "I[KR][AEV][LH]KG[LIKV]GE[LM][DE][LFM][HY][PATV]P", "aa_position": 0.221719, "nucleotide_position": 294}, {"regex": "P[AST]LP[CST][HY][KR]PLF[LFYH]ILVY", "aa_position": 0.253394, "nucleotide_position": 336}, {"regex": "[KR]PLF[HFYL]ILVYL[IT]STA[AIV]", "aa_position": 0.266968, "nucleotide_position": 354}, {"regex": "ILVYL[IT]STA[AIV]VTRWN", "aa_position": 0.278281, "nucleotide_position": 369}, {"regex": "[IT]STA[AIV]VTRWNLD[IV]A[GR]", "aa_position": 0.289593, "nucleotide_position": 384}, {"regex": "L[QR]C[AIV]P[IT][LF]L[IM][IV][LF]TMWA", "aa_position": 0.328054, "nucleotide_position": 435}, {"regex": "L[IM][IV][LF]TMWA[GD]I[LIF][AT]LIL", "aa_position": 0.343891, "nucleotide_position": 456}, {"regex": "MWA[GD]I[ILF][AT]LIL[IV]LPTY", "aa_position": 0.355204, "nucleotide_position": 471}, {"regex": "LPTYEL[AT]KL[HY]YLKE[LMV]", "aa_position": 0.38009, "nucleotide_position": 504}, {"regex": "L[AT]KL[HY]YLKE[LMV][KR][NVIMT]G[AT]E", "aa_position": 0.391403, "nucleotide_position": 519}, {"regex": "E[KR][DGS]W[LSM][WL]K[TV][DSN][CFY][KR][GSTR][IV]ND", "aa_position": 0.423077, "nucleotide_position": 561}, {"regex": "K[TV][DSN][CFY][KR][GSTR][IV]ND[LI]Y[KE][IV][DE]Q", "aa_position": 0.436652, "nucleotide_position": 579}, {"regex": "ND[LI]Y[KE][IV][DE]Q[AST][GS]EGVYL", "aa_position": 0.452489, "nucleotide_position": 600}, {"regex": "[IV][DE]Q[AST][GS]EGVYLFPSKQ", "aa_position": 0.463801, "nucleotide_position": 615}, {"regex": "[ITMV]T[GSN][AT][LIMV]LPLIKAILIS", "aa_position": 0.506787, "nucleotide_position": 672}, {"regex": "LPLIKAILISC[IV]SNK", "aa_position": 0.5181, "nucleotide_position": 687}, {"regex": "[IV]Y[LP][LM][DY]L[IV][FS]E[GMV][LSP][HY][SY]L[HP]", "aa_position": 0.558824, "nucleotide_position": 741}, {"regex": "[SY]L[HP][KR][KR][IV][LIM][DY]EIAGGTN", "aa_position": 0.585973, "nucleotide_position": 777}, {"regex": "EIAGGTN[LF][IV]SRL[AV][AQ]A", "aa_position": 0.604072, "nucleotide_position": 801}, {"regex": "SRL[AV][AQ]ALIE[AIV][STN]W[AT][LF]D", "aa_position": 0.624434, "nucleotide_position": 828}, {"regex": "D[DISN]EE[AV][IKR]GLKKF[FY]LLS", "aa_position": 0.656109, "nucleotide_position": 870}, {"regex": "GLKKF[FY]LLS[GSN][KR]VKEL", "aa_position": 0.669683, "nucleotide_position": 888}, {"regex": "LLS[GSN][KR]VKEL[IV][IT]KHKV", "aa_position": 0.683258, "nucleotide_position": 906}, {"regex": "VKEL[IV][IT]KHKV[SR]NE[IV][IMV]", "aa_position": 0.69457, "nucleotide_position": 921}, {"regex": "[IT]KHKV[SR]NE[IV][IMV][ATV][HR]W[FY][DGE]", "aa_position": 0.705882, "nucleotide_position": 936}, {"regex": "YGMPKL[IV][GC]LV[KR]AATL", "aa_position": 0.748869, "nucleotide_position": 993}, {"regex": "AATLS[KR][SDN][KR][HN]C[IM]LCT[AV]", "aa_position": 0.773756, "nucleotide_position": 1026}, {"regex": "C[IM]LCT[AV]CE[DN]R[KDEN]W[GKR][GV]E", "aa_position": 0.794118, "nucleotide_position": 1053}, {"regex": "CE[DN]R[DKNE]W[GKR][GV]ETCPKCG", "aa_position": 0.807692, "nucleotide_position": 1071}, {"regex": "W[GKR][GV]ETCPKCGR[LF]GPP", "aa_position": 0.819005, "nucleotide_position": 1086}, {"regex": "GMTLADF[GE]EKHY[KN][SR]I", "aa_position": 0.859729, "nucleotide_position": 1140}, {"regex": "DF[GE]EKHY[KN][SR]IF[LIFV]RED", "aa_position": 0.871041, "nucleotide_position": 1155}, {"regex": "HY[KN][SR]IF[LIFV]REDQ[LS][GDE]GP", "aa_position": 0.882353, "nucleotide_position": 1170}, {"regex": "[MR]EE[CHYR][AV]GYLQY[KR]ARGQ", "aa_position": 0.918552, "nucleotide_position": 1218}, {"regex": "GYLQY[KR]ARGQLF[LP]RN", "aa_position": 0.929864, "nucleotide_position": 1233}, {"regex": "ARGQLF[LP]RNLP[MV][LS]AT", "aa_position": 0.943439, "nucleotide_position": 1251}, {"regex": "F[LP]RNLP[MV][LS]ATK[IV]KM[LI]", "aa_position": 0.954751, "nucleotide_position": 1266}, {"regex": "ATK[IV]KM[LI]L[LV][GD]NL[GR][ST]E", "aa_position": 0.972851, "nucleotide_position": 1290}, {"regex": "[GR][ST]E[IV]GD[LM]E[HY][LI]GWVLR", "aa_position": 1, "nucleotide_position": 1326}], "NS3": [{"regex": "G[LP][AG][FV]CK[KM]V[IT]EH[GE][KR]C[AST]", "aa_position": 0, "nucleotide_position": 0}, {"regex": "MDKL[IT]A[LF]FGVMPRGT", "aa_position": 0.026946, "nucleotide_position": 54}, {"regex": "FGVMPRGTTPRAPVR", "aa_position": 0.037425, "nucleotide_position": 75}, {"regex": "RGTTPRAPVRFPTS[LFP]", "aa_position": 0.04491, "nucleotide_position": 90}, {"regex": "RGLETG[WL]A[YV][ST]HQGGI", "aa_position": 0.073353, "nucleotide_position": 147}, {"regex": "HQGGISSVDHVT[CR]GK", "aa_position": 0.088323, "nucleotide_position": 177}, {"regex": "SSVDHVT[CR]GKDLLVC", "aa_position": 0.095808, "nucleotide_position": 192}, {"regex": "RTRVVCQ[ST]NNKMTDE", "aa_position": 0.124251, "nucleotide_position": 249}, {"regex": "EYG[IV]KT[GD]SGCPEG[AV]R", "aa_position": 0.148204, "nucleotide_position": 297}, {"regex": "T[GD]SGCPEG[AV]RCYV[LFS]N", "aa_position": 0.155689, "nucleotide_position": 312}, {"regex": "PEG[AV]RCYV[LFS]N[PR][GER]A[IV][DKN]", "aa_position": 0.163174, "nucleotide_position": 327}, {"regex": "SG[IT][KR][GE][AS]MVHLQK[GT]GG", "aa_position": 0.187126, "nucleotide_position": 375}, {"regex": "MVHLQK[GT]GGEF[AT]CVT", "aa_position": 0.196108, "nucleotide_position": 393}, {"regex": "CVTAS[GR]TPAFFDLKN", "aa_position": 0.214072, "nucleotide_position": 429}, {"regex": "TPAFFDLKNL[KR]GWSG", "aa_position": 0.223054, "nucleotide_position": 447}, {"regex": "DLKNL[KR]GWSGLPIFE", "aa_position": 0.230539, "nucleotide_position": 462}, {"regex": "[KR]GWSGLPIFEAS[GS]GR", "aa_position": 0.238024, "nucleotide_position": 477}, {"regex": "RVKVGKNEDSKPTKL", "aa_position": 0.26497, "nucleotide_position": 531}, {"regex": "KNEDSKPTKLMSGIQ", "aa_position": 0.272455, "nucleotide_position": 546}, {"regex": "KPTKLMSGIQ[AT]VSK[SN]", "aa_position": 0.27994, "nucleotide_position": 561}, {"regex": "TDLT[DE][MV]V[KR]K[IM][AT][AT][MV][SN]R", "aa_position": 0.303892, "nucleotide_position": 609}, {"regex": "K[IM][AT][AT][MV][SN]RGEF[KR]Q[IM]TL", "aa_position": 0.315868, "nucleotide_position": 633}, {"regex": "RGEF[KR]Q[IM]TLATGAGK", "aa_position": 0.32485, "nucleotide_position": 651}, {"regex": "Q[IM]TLATGAGKTT[GE][LF]P", "aa_position": 0.332335, "nucleotide_position": 666}, {"regex": "TGAGKTT[GE][LF]PRSVIE", "aa_position": 0.33982, "nucleotide_position": 681}, {"regex": "GRHKR[AV][LS]VLIPLRAA", "aa_position": 0.365269, "nucleotide_position": 732}, {"regex": "LIPLRAA[AR]ESVY[QL]YM", "aa_position": 0.377246, "nucleotide_position": 756}, {"regex": "ESVY[QL]YMR[QP]K[HR]PSIA", "aa_position": 0.389222, "nucleotide_position": 780}, {"regex": "FN[LV]R[IT]GE[LM][KE]EGDMAT", "aa_position": 0.411677, "nucleotide_position": 825}, {"regex": "GE[LM][KE]EGDMATGI[ST]YA", "aa_position": 0.419162, "nucleotide_position": 840}, {"regex": "GDMATGI[ST]YA[QS][HY]GYF", "aa_position": 0.426647, "nucleotide_position": 855}, {"regex": "GI[ST]YA[QS][HY]GYF[CR]Q[IM][SPT]Q", "aa_position": 0.434132, "nucleotide_position": 870}, {"regex": "[QS][HY]GYF[CR]Q[IM][SPT]QP[KT]L[GR]A", "aa_position": 0.441617, "nucleotide_position": 885}, {"regex": "VEYS[FY]IFL[DY]EYHC[AT]T", "aa_position": 0.467066, "nucleotide_position": 936}, {"regex": "EYHC[AT]TPE[QH][LM]AIMGK", "aa_position": 0.480539, "nucleotide_position": 963}, {"regex": "TPE[QH][LM]AIMGKIHRFS", "aa_position": 0.488024, "nucleotide_position": 978}, {"regex": "AIMGKIHRFSE[HN]LRV", "aa_position": 0.495509, "nucleotide_position": 993}, {"regex": "IHRFSE[HN]LRV[IV]A[IMT][TR]A", "aa_position": 0.502994, "nucleotide_position": 1008}, {"regex": "GTVT[AT]TGQK[HY][SP]IE[DE][FY]", "aa_position": 0.52994, "nucleotide_position": 1062}, {"regex": "IE[DE][FY][IM]AP[DE][LAV]MKG[KE][DYN]L", "aa_position": 0.546407, "nucleotide_position": 1095}, {"regex": "MKG[KE][DYN]L[GSR][SP][DEY][FY][LS][GD][IMV]AG", "aa_position": 0.55988, "nucleotide_position": 1122}, {"regex": "L[GSR][SP][DEY][FY][LS][GD][IMV]AGLKIPV", "aa_position": 0.567365, "nucleotide_position": 1137}, {"regex": "AGLKIPV[DGEK][DE][IM][KN][SN]N[IMK]L", "aa_position": 0.579341, "nucleotide_position": 1161}, {"regex": "N[IMK]LVFVP[ST][MR][SKNY][MV]AV[DE][AITV]", "aa_position": 0.597305, "nucleotide_position": 1197}, {"regex": "[AG][QKH][IK][LM][KN][AP][KR]G[HY][DN]S[AG]YYY", "aa_position": 0.61976, "nucleotide_position": 1242}, {"regex": "[KR]G[HY][DN]S[AG]YYY[CS]GE[DE][SP]S", "aa_position": 0.628743, "nucleotide_position": 1260}, {"regex": "YY[CS]GE[DE][SP]S[SN]L[MR]V[IV]TS", "aa_position": 0.639222, "nucleotide_position": 1281}, {"regex": "L[MR]V[IV]TS[HQ]SPYVV[IV]AT", "aa_position": 0.652695, "nucleotide_position": 1308}, {"regex": "E[SP][GR]VTLPDL[DN]V[AV]V[DY][IT]", "aa_position": 0.679641, "nucleotide_position": 1362}, {"regex": "LPDL[DN]V[AV]V[DY][IT]G[LI][KR][CY]E", "aa_position": 0.687126, "nucleotide_position": 1377}, {"regex": "V[AV]V[DY][IT]G[LI][KR][CY]E[KM]R[LIV]RL", "aa_position": 0.694611, "nucleotide_position": 1392}, {"regex": "[MT]P[FY]IVT[GV][LQM]K[SR]M[ATR]V[NT][ISR]", "aa_position": 0.721557, "nucleotide_position": 1446}, {"regex": "V[NT][ISR][GR][EV]QAQR[GKR]GRVGR", "aa_position": 0.739521, "nucleotide_position": 1482}, {"regex": "QAQR[GKR]GRVGRVK[SP]GR", "aa_position": 0.747006, "nucleotide_position": 1497}, {"regex": "GRVGRVK[SP]GRY[CY]R[GS]Q", "aa_position": 0.754491, "nucleotide_position": 1512}, {"regex": "VK[SP]GRY[CY]R[GS]QET[IP][IV][AG]", "aa_position": 0.761976, "nucleotide_position": 1527}, {"regex": "Y[HR][HY]DLLQ[AG]QR[CY]GI[KE]D", "aa_position": 0.788922, "nucleotide_position": 1581}, {"regex": "Q[AG]QR[CY]GI[KE]DGINITK", "aa_position": 0.797904, "nucleotide_position": 1599}, {"regex": "GI[KE]DGINITKSFREM", "aa_position": 0.805389, "nucleotide_position": 1614}, {"regex": "INITKSFREMN[SY]D[WR]S", "aa_position": 0.812874, "nucleotide_position": 1629}, {"regex": "SFREMN[SY]D[WR]S[LE]YEE[DV]", "aa_position": 0.820359, "nucleotide_position": 1644}, {"regex": "[SY]D[WR]S[LE]YEE[DV]SL[MR]I[ST]Q", "aa_position": 0.829341, "nucleotide_position": 1662}, {"regex": "YEE[DV]SL[MR]I[ST]Q[LP]E[IV][LI][KN]", "aa_position": 0.836826, "nucleotide_position": 1677}, {"regex": "L[MR]I[ST]Q[LP]E[IV][LI][KN]N[LV][LMT]I[LS]", "aa_position": 0.844311, "nucleotide_position": 1692}, {"regex": "[DE]LP[LMV][AV]VK[SN]I[ISM][DANVG][QR]T[GDV]H", "aa_position": 0.868263, "nucleotide_position": 1740}, {"regex": "VK[SN]I[ISM][DANVG][QR]T[GDV]HPE[ASRPG]IQ", "aa_position": 0.875749, "nucleotide_position": 1755}, {"regex": "HPE[ASRPG]IQ[LF][AV]YN[IS]YE[PT]Q", "aa_position": 0.889222, "nucleotide_position": 1782}, {"regex": "Q[LF][AV]YN[IS]YE[PT]QV[SPT]V[LR][FSYN]", "aa_position": 0.896707, "nucleotide_position": 1797}, {"regex": "YE[PT]QV[SPT]V[LR][SFNY][PT]K[IV][KR][SIN]G", "aa_position": 0.905689, "nucleotide_position": 1815}, {"regex": "GEV[PLT]D[WASITC]Y[DY][SNKTQ][SY]T[IF][LIV][KN]A", "aa_position": 0.926647, "nucleotide_position": 1857}, {"regex": "T[IF][LIV][KN]A[IR]K[LMT]G[DE]D[LV][SP][SP]Y", "aa_position": 0.941617, "nucleotide_position": 1887}, {"regex": "[IR]K[MLT]G[DE]D[LV][SP][SP]Y[LV]YATE", "aa_position": 0.949102, "nucleotide_position": 1902}, {"regex": "D[LV][SP][SP]Y[LV]YATE[GD][GE]D[LR]A", "aa_position": 0.956587, "nucleotide_position": 1917}, {"regex": "YATE[GD][GE]D[LR]AV[DAE]LLG[LSM]", "aa_position": 0.965569, "nucleotide_position": 1935}, {"regex": "D[LR]AV[DAE]LLG[LSM][DE]WP[GD][GP]G", "aa_position": 0.974551, "nucleotide_position": 1953}, {"regex": "[GS][AT][AIMV]E[ATV][GS][KR]ALKQ[GV][AIV][GV]L", "aa_position": 1, "nucleotide_position": 2004}], "NS4A": [{"regex": "STAENA[LG][LV][AV]A[WLS][FY][CGS][CY][IMV]", "aa_position": 0, "nucleotide_position": 0}, {"regex": "QALSKR[HQ][IV]P[IKV][AV]TD[ITV]Y", "aa_position": 0.346939, "nucleotide_position": 51}, {"regex": "EDHRLE[DY]T[IT]HLQYAP", "aa_position": 0.693878, "nucleotide_position": 102}, {"regex": "[DN]AI[KR]TE[LGR]K[DE]TELKEL", "aa_position": 1, "nucleotide_position": 147}], "NS4B": [{"regex": "[AP]Q[GE]D[IV]Q[KR]C[IMV][DGE][AV][AIMV][APT][DSNIT]Y", "aa_position": 0, "nucleotide_position": 0}, {"regex": "[DSNIT]Y[AV][KSR][DE][GS]IQF[IMV][KR][ST]Q[AV]L", "aa_position": 0.039157, "nucleotide_position": 39}, {"regex": "IQF[IMV][KR][ST]Q[AV]L[QKER][AV][KSR][DGE]TP", "aa_position": 0.057229, "nucleotide_position": 57}, {"regex": "Y[KNTR][DGE][AST][MV][VSDN][AT][AV][ASVMT][SD]Y[AV][KEN][KNR]F", "aa_position": 0.105422, "nucleotide_position": 105}, {"regex": "L[AKST][DE][SY][KR][DE][DN]I[LIMV][KR]YGLWG", "aa_position": 0.159639, "nucleotide_position": 159}, {"regex": "[DE][DN]I[LIMV][KR]YGLWG[AITV]HT[AT]L", "aa_position": 0.174699, "nucleotide_position": 174}, {"regex": "YGLWG[AITV]HT[AT]LYKSI[SGC]", "aa_position": 0.189759, "nucleotide_position": 189}, {"regex": "LYKSI[CGS]ARLG[YSNHG]E[IT]AF", "aa_position": 0.216867, "nucleotide_position": 216}, {"regex": "ARLG[YSNHG]E[IT]AFATL[AV][IV][KR]", "aa_position": 0.23494, "nucleotide_position": 234}, {"regex": "AFATL[AV][IV][KR]WLAFGGE", "aa_position": 0.256024, "nucleotide_position": 255}, {"regex": "[AV][IV][KR]WLAFGGE[ST][LIV][ASPTE]DH", "aa_position": 0.271084, "nucleotide_position": 270}, {"regex": "KQ[AV]AT[GD]LVVYYIINR", "aa_position": 0.319277, "nucleotide_position": 318}, {"regex": "LVVYYIINR[LP]Q[FY]PGD", "aa_position": 0.337349, "nucleotide_position": 336}, {"regex": "IINR[LP]Q[FY]PGD[TV]ETQ[LQR]", "aa_position": 0.35241, "nucleotide_position": 351}, {"regex": "Q[FY]PGD[TV]ETQ[RQL][DE]GR[KR][FY]", "aa_position": 0.36747, "nucleotide_position": 366}, {"regex": "V[AV][GS][LP][LM][AV]SAL[AV]TYTYK", "aa_position": 0.412651, "nucleotide_position": 411}, {"regex": "[AV]SAL[AV]TYTYK[SN]WN[CYHN][SN]", "aa_position": 0.427711, "nucleotide_position": 426}, {"regex": "TYTYK[SN]WN[CYHN][SN][NY]L[SP]KI", "aa_position": 0.442771, "nucleotide_position": 441}, {"regex": "WN[CHYN][SN][YN]L[SP]KIVEP[AV]LA", "aa_position": 0.460843, "nucleotide_position": 459}, {"regex": "L[SP]KIVEP[AV]LATLPYA", "aa_position": 0.475904, "nucleotide_position": 474}, {"regex": "ALKL[FV]APT[KR]LESVV[IM]", "aa_position": 0.527108, "nucleotide_position": 525}, {"regex": "LESVV[IM]LSTAIYKTY", "aa_position": 0.554217, "nucleotide_position": 552}, {"regex": "LSTAIYKTYLSI[GKR]RG", "aa_position": 0.572289, "nucleotide_position": 570}, {"regex": "YKTYLSI[GKR]RG[KR]SDGL", "aa_position": 0.587349, "nucleotide_position": 585}, {"regex": "RG[KR]SDGLLG[MITV]G[IV]SAA", "aa_position": 0.611446, "nucleotide_position": 609}, {"regex": "SAA[MV]EIM[SP]QNP[AV]SVG", "aa_position": 0.64759, "nucleotide_position": 645}, {"regex": "[AV]SVGI[AV]V[MR]LGVGAVA", "aa_position": 0.680723, "nucleotide_position": 678}, {"regex": "V[MR]LGVGAVA[AT]HNA[IV]E", "aa_position": 0.698795, "nucleotide_position": 696}, {"regex": "S[DE]Q[KR]R[IT]LLMKVFVKN", "aa_position": 0.746988, "nucleotide_position": 744}, {"regex": "LLMKVFVKNF[WL]DQAA", "aa_position": 0.76506, "nucleotide_position": 762}, {"regex": "FVKNF[WL]DQAA[ST]DEL[IV]", "aa_position": 0.78012, "nucleotide_position": 777}, {"regex": "[WL]DQAA[ST]DEL[IV]KESPE", "aa_position": 0.795181, "nucleotide_position": 792}, {"regex": "IMALFEA[LV]QT[IV]GNPL", "aa_position": 0.846386, "nucleotide_position": 843}, {"regex": "EA[LV]QT[IV]GNPLRL[IV]YH", "aa_position": 0.861446, "nucleotide_position": 858}, {"regex": "YGVFYKGW[GER][AP]KELAQ", "aa_position": 0.909639, "nucleotide_position": 906}, {"regex": "KELAQ[KR]TAG[MR]N[LI]FTL", "aa_position": 0.939759, "nucleotide_position": 936}, {"regex": "N[LI]FTL[LIV][IM]F[DE]AVELLG", "aa_position": 0.96988, "nucleotide_position": 966}, {"regex": "VELLGV[DN][GS][DE]G[KR][IV]RQL", "aa_position": 1, "nucleotide_position": 996}], "NS5A": [{"regex": "S[GS]NYILE[LFR]L[CHFY]KFRD[DSNRTG]", "aa_position": 0, "nucleotide_position": 0}, {"regex": "LE[LFR]L[CHFY]KFRD[DSNRTG][IF][KR][FS]S[AMV]", "aa_position": 0.010373, "nucleotide_position": 15}, {"regex": "[DKQGE][LIMV][AV][IV][GS]WAPAP[ILF]SCDW", "aa_position": 0.043568, "nucleotide_position": 63}, {"regex": "WAPAP[ILF]SCDW[ST][SP][AT][GD][GDN]", "aa_position": 0.053942, "nucleotide_position": 78}, {"regex": "[ILF]SCDW[ST][SP][AT][GD][GDN]RIGLP", "aa_position": 0.064315, "nucleotide_position": 93}, {"regex": "[ST][SP][AT][GD][GDN]RIGLP[HQR][DGSN][DSN][FY][LSRFPH]", "aa_position": 0.074689, "nucleotide_position": 108}, {"regex": "[QR][MV]ET[KNR]C[SP]CGY[KR][MV]KA[AV]", "aa_position": 0.105809, "nucleotide_position": 153}, {"regex": "C[SP]CGY[KR][MV]KA[AV]K[DASNT][SCR][ASDT]G", "aa_position": 0.116183, "nucleotide_position": 168}, {"regex": "KA[AV]K[DASNT][SCR][ASDT]G[DAE][LFM][KR]LL[EV]E", "aa_position": 0.130705, "nucleotide_position": 189}, {"regex": "LL[EV]E[GE]GS[FS][LFP]CRNKFG", "aa_position": 0.153527, "nucleotide_position": 222}, {"regex": "GS[FS][LFP]CRNKFGRG[LS][PQHR]N", "aa_position": 0.1639, "nucleotide_position": 237}, {"regex": "VT[KR]YY[DN][DE][DNY][LF][LSA]EI[KER]P[AV]", "aa_position": 0.19917, "nucleotide_position": 288}, {"regex": "[GR][HQ]VEL[CY][HY][KR]G[ATV][ST][IF][KR]LD", "aa_position": 0.238589, "nucleotide_position": 345}, {"regex": "[HY][KR]G[ATV][ST][IF][KR]LD[LF][DNT][NT][GS]KT", "aa_position": 0.251037, "nucleotide_position": 363}, {"regex": "LATD[KR]WE[IV]D[HL]STL[AIV]R", "aa_position": 0.284232, "nucleotide_position": 411}, {"regex": "D[HL]STL[AIV]R[AEV][LI][KN][GKR][HY]TG[AV]", "aa_position": 0.30083, "nucleotide_position": 435}, {"regex": "TG[AV]G[CFY][NRHPQ]GAYLG[DE][KER]PN", "aa_position": 0.325726, "nucleotide_position": 471}, {"regex": "HLI[QE]R[DE]CATITKDKV", "aa_position": 0.360996, "nucleotide_position": 522}, {"regex": "[IF][LIV]K[LM]K[KSR]GCAFT[YN]DLS", "aa_position": 0.394191, "nucleotide_position": 570}, {"regex": "GCAFT[YN]DLS[LI][HYR]NL[AIT]R", "aa_position": 0.406639, "nucleotide_position": 588}, {"regex": "DLS[LI][HYR]NL[AIT]RLIELVH", "aa_position": 0.419087, "nucleotide_position": 606}, {"regex": "NL[AIT]RLIELVH[KR][DN][DKN]L[DKE]", "aa_position": 0.429461, "nucleotide_position": 621}, {"regex": "[SP][ASTV][AITV]T[GV]TTW[LP]AYTFVN", "aa_position": 0.46888, "nucleotide_position": 678}, {"regex": "TTW[LP]AYTFVN[KE]D[MITV]GT", "aa_position": 0.479253, "nucleotide_position": 693}, {"regex": "YTFVN[KE]D[ITMV]GTI[KR]P[AITV][LF]", "aa_position": 0.489627, "nucleotide_position": 708}, {"regex": "[KE]D[MITV]GTI[KR]P[AITV][LF]GE[KR][IV][AT]", "aa_position": 0.5, "nucleotide_position": 723}, {"regex": "I[KR]P[AITV][LF]GE[KR][IV][AT][LP]E[VRKTME][QP]E", "aa_position": 0.510373, "nucleotide_position": 738}, {"regex": "L[QR]P[AT]V[ATV]VD[AT][AT][DE][LAMV][AST][IV]T", "aa_position": 0.547718, "nucleotide_position": 792}, {"regex": "[IV]T[MV][AV]G[GKE][ASNTG][LSPT][AITV]MTTG[GE][IT]", "aa_position": 0.574689, "nucleotide_position": 831}, {"regex": "[AITV]MTTG[GE][IT][LP][AT][AITV][FC][AITV][RGSN][LS][GD]", "aa_position": 0.591286, "nucleotide_position": 855}, {"regex": "[GD][LFSP][GDN][LSP][KR][DANSVIFG][QPR][PQHR][AV]L[KR]LG[LITV][GDE]", "aa_position": 0.620332, "nucleotide_position": 897}, {"regex": "[QPR][PQHR][AV]L[KR]LG[LITV][DGE][DKQGE][GD][QE]YPG", "aa_position": 0.63278, "nucleotide_position": 915}, {"regex": "Q[GKR][AV][GSR]L[LNRPHQ][DKE][AV][IV][QR][DGSN][AMV]D[GKE][SR]", "aa_position": 0.670124, "nucleotide_position": 969}, {"regex": "[AV][IV][QR][DGSN][AMV]D[GKE][SR][AP]S[FV][LM][IMV]LG", "aa_position": 0.684647, "nucleotide_position": 990}, {"regex": "D[GEK][SR][AP]S[FV][LM][IMV]LGSDK[AT]T", "aa_position": 0.695021, "nucleotide_position": 1005}, {"regex": "[LM][IMV]LGSDK[AT]T[FS][HSN]RV[KR]T", "aa_position": 0.707469, "nucleotide_position": 1023}, {"regex": "DK[AT]T[FS][HSN]RV[KR]T[AV][QKE][SN][EV][KR]", "aa_position": 0.717842, "nucleotide_position": 1038}, {"regex": "V[KR]T[AV][QKE][SN][EV][KR][IMV][FY]R[GS][KR][DN]P", "aa_position": 0.732365, "nucleotide_position": 1059}, {"regex": "[DN]P[LF]E[LV][KR][DKEN]M[IM][KR][IKR]G[QKR][IV]L", "aa_position": 0.759336, "nucleotide_position": 1098}, {"regex": "M[IM][KR][IKR]G[QKR][IV]L[IV][LIV][AS]L[CSR][KNR]V", "aa_position": 0.773859, "nucleotide_position": 1119}, {"regex": "[KNR]VD[DNKIMT][AGT][LP][LASVMG][KR][LF][IV]DYKG[ST]", "aa_position": 0.80083, "nucleotide_position": 1158}, {"regex": "[LP][LASVMG][KR][LF][IV]DYKG[ST]F[LP][ST]R[DEV]", "aa_position": 0.811203, "nucleotide_position": 1173}, {"regex": "YKG[ST]F[LP][ST]R[DEV][AT]LEALS", "aa_position": 0.823651, "nucleotide_position": 1191}, {"regex": "[LP][ST]R[DEV][AT]LEALSLG[KSR][LP][KN]", "aa_position": 0.834025, "nucleotide_position": 1206}, {"regex": "[IT][ST][KR][AKT][DE]A[QR][WC]L[LM][HCNR][HLP][DE][DSNGE][QK]", "aa_position": 0.871369, "nucleotide_position": 1260}, {"regex": "A[QR][WC]L[LM][CNHR][HPL][DE][DSNGE][QK][LAVITM][GE]ELP", "aa_position": 0.881743, "nucleotide_position": 1275}, {"regex": "[RHCN][HLP][DE][DSNGE][QK][LAVIMT][GE]ELPDW[FS][AETV]A", "aa_position": 0.892116, "nucleotide_position": 1290}, {"regex": "[GE]ELPDW[FS][AETV]A[RKTGE][AKE]P[IV]FL", "aa_position": 0.904564, "nucleotide_position": 1308}, {"regex": "W[FS][AETV]A[RKTGE][AKE]P[IV]FL[DE]A[SN][IT]K", "aa_position": 0.914938, "nucleotide_position": 1323}, {"regex": "[LY][HY]LVGDI[AD][ANT][IV]KEKAK", "aa_position": 0.952282, "nucleotide_position": 1377}, {"regex": "[IV]KEKAK[QR][LM]GAT[GD][ST]T[KR]", "aa_position": 0.970954, "nucleotide_position": 1404}, {"regex": "[KR][IV][ST]K[KEV][IV]G[AET]KVY[ST]M[KR]L", "aa_position": 1, "nucleotide_position": 1446}], "NS5B": [{"regex": "S[SN]W[AMV][LVITM][QP][EV][KE][DSN][KR][QR][GS][YSNKTC]L[AGT]", "aa_position": 0, "nucleotide_position": 0}, {"regex": "PLFEE[LI][LM][LQHR]QCPPGG[QR]", "aa_position": 0.021337, "nucleotide_position": 45}, {"regex": "HM[AV][SPT][AV]YQ[LM][AT]QGNW[VIMT]P", "aa_position": 0.048364, "nucleotide_position": 102}, {"regex": "QGNW[VIMT]P[ISTV][DSNGC]C[HQ]V[LF]MGT", "aa_position": 0.061166, "nucleotide_position": 129}, {"regex": "MGT[IV][SP]A[KR]R[AIT]K[IT][HY]PYE", "aa_position": 0.078236, "nucleotide_position": 165}, {"regex": "K[IT][HY]PYEA[FY][IV][KR]L[KR]EL[LIV]", "aa_position": 0.091038, "nucleotide_position": 192}, {"regex": "EA[FY][IV][KR]L[KR]EL[LIV][DE]E[HYR]K[IM]", "aa_position": 0.098151, "nucleotide_position": 207}, {"regex": "L[KR]EL[LIV][DE]E[HYR]K[IM][KR][AT][LISF][SCY][SRPHG]", "aa_position": 0.105263, "nucleotide_position": 222}, {"regex": "E[HYR]K[IM][KR][AT][SLIF][SCY][SRPHG][GS][ASPL][SGN]L[SRQGC][KR]", "aa_position": 0.113798, "nucleotide_position": 240}, {"regex": "N[DE]W[IV][MITV][HGSR]K[IV][KR][HYR][QH]G[DN]LR", "aa_position": 0.136558, "nucleotide_position": 288}, {"regex": "K[IV][KR][HYR][HQ]G[DN]LRT[KNR][HY][LM]LN", "aa_position": 0.145092, "nucleotide_position": 306}, {"regex": "G[DN]LRT[KNR][HY][LM]LNPGK[IV][AV]", "aa_position": 0.152205, "nucleotide_position": 321}, {"regex": "[HY][LM]LNPGK[IV][AV]E[QL]L[YDLHC]R[GE]", "aa_position": 0.16074, "nucleotide_position": 339}, {"regex": "[KR][YNRKH][IN]VYNK[AIT]I[CGS]SV[LM][AT]A", "aa_position": 0.184922, "nucleotide_position": 390}, {"regex": "NK[AIT]I[CGS]SV[LM][AT]A[NT]G[IS]RL", "aa_position": 0.192034, "nucleotide_position": 405}, {"regex": "SV[LM][AT]A[NT]G[IS]RL[DKE]KLPV", "aa_position": 0.199147, "nucleotide_position": 420}, {"regex": "G[IS]RL[DKE]KLPVVRAQTD", "aa_position": 0.207681, "nucleotide_position": 438}, {"regex": "KLPVVRAQTD[PT][AIT][SN][FS]H", "aa_position": 0.214794, "nucleotide_position": 453}, {"regex": "QAIR[DN]K[IT][GD][KE][DE][EV]N[LP]QT", "aa_position": 0.236131, "nucleotide_position": 498}, {"regex": "N[LP]QTP[GD][LM]HKK[LI][AIM][GE][AFV]F", "aa_position": 0.251778, "nucleotide_position": 531}, {"regex": "[LM]HKK[LI][AIM][GE][AFV]F[YSNKT]AL[KR][QR]P", "aa_position": 0.260313, "nucleotide_position": 549}, {"regex": "[AFV]F[YSNKT]AL[KR][QR]P[DE][LF]E[AS][ST]YD", "aa_position": 0.27027, "nucleotide_position": 570}, {"regex": "YD[AV]V[DAGE]W[GE][KE][LM][DE][QKR]G[IT][IN]R", "aa_position": 0.288762, "nucleotide_position": 609}, {"regex": "W[GE][KE][LM][DE][QKR]G[IT][IN]RKGAAG", "aa_position": 0.295875, "nucleotide_position": 624}, {"regex": "G[IT][IN]RKGAAGFFE[HR][KR][ISN]", "aa_position": 0.30441, "nucleotide_position": 642}, {"regex": "GAAGFFE[HR][KR][ISN][IV][WG]E[IV]L", "aa_position": 0.311522, "nucleotide_position": 657}, {"regex": "LD[LS]E[KR][DYSNH][KR][IV]EE[IV]I[DE][DSN]L", "aa_position": 0.331437, "nucleotide_position": 699}, {"regex": "R[CGSN]I[QKR]Y[CY]ETA[LI]PKNEK", "aa_position": 0.357041, "nucleotide_position": 753}, {"regex": "ETA[LI]PKNEKR[GDV]VNDD", "aa_position": 0.365576, "nucleotide_position": 771}, {"regex": "G[GD][LF]V[DE][GE]K[KR]PRVIQYP", "aa_position": 0.391181, "nucleotide_position": 825}, {"regex": "K[KR]PRVIQYPEAK[AT]RL", "aa_position": 0.399716, "nucleotide_position": 843}, {"regex": "IQYPEAK[AT]RLAITKV", "aa_position": 0.406828, "nucleotide_position": 858}, {"regex": "LAITKVM[FY]KWVKQKP", "aa_position": 0.41963, "nucleotide_position": 885}, {"regex": "VM[FY]KWVKQKPVVI[SP]G", "aa_position": 0.426743, "nucleotide_position": 900}, {"regex": "KQKPVVI[SP]GY[AE]GKTP", "aa_position": 0.435277, "nucleotide_position": 918}, {"regex": "VI[SP]GY[AE]GKTPLF[QK][IV]F", "aa_position": 0.44239, "nucleotide_position": 933}, {"regex": "GKTPLF[QK][IV]FD[KR]V[KER][KR]E", "aa_position": 0.450925, "nucleotide_position": 951}, {"regex": "F[QK][IV]FD[KR]V[KER][KR]EW[DN]QF[QR]", "aa_position": 0.458037, "nucleotide_position": 966}, {"regex": "PVAV[FS]FDTKAW[DN]T[QR][IV]", "aa_position": 0.480797, "nucleotide_position": 1014}, {"regex": "FDTKAW[DN]T[QR][IV]T[AT][GKNR]DL", "aa_position": 0.487909, "nucleotide_position": 1029}, {"regex": "DIQK[FY]YFKK[KR]WH[KR]FI", "aa_position": 0.514936, "nucleotide_position": 1086}, {"regex": "YFKK[KR]WH[KR]FID[AT]LT[MLKT]", "aa_position": 0.522048, "nucleotide_position": 1101}, {"regex": "HM[AST]EV[LP]V[IV][CST][AT][DE]GE[LIV]Y", "aa_position": 0.543385, "nucleotide_position": 1146}, {"regex": "GE[LIV]Y[IV]R[KR]GQRGSGQP", "aa_position": 0.559033, "nucleotide_position": 1179}, {"regex": "GQRGSGQPDT[IS]AGNS", "aa_position": 0.56899, "nucleotide_position": 1200}, {"regex": "GQPDT[IS]AGNS[KM]LNVL", "aa_position": 0.576102, "nucleotide_position": 1215}, {"regex": "LNVL[ST]M[IV]Y[AT]FCEATG", "aa_position": 0.59175, "nucleotide_position": 1248}, {"regex": "FCEATGVPYKSF[DN]RV", "aa_position": 0.604552, "nucleotide_position": 1275}, {"regex": "RVAKIHVCGDDG[LF]L[IV]", "aa_position": 0.623044, "nucleotide_position": 1314}, {"regex": "DDG[LF]L[IV]T[GE][KR]ALGEKF", "aa_position": 0.635846, "nucleotide_position": 1341}, {"regex": "V[QR][IV]LYEAGKPQKI[IT]E", "aa_position": 0.662873, "nucleotide_position": 1398}, {"regex": "EAGKPQKI[IT]EG[DE][KNR]MK", "aa_position": 0.669986, "nucleotide_position": 1413}, {"regex": "MK[LV]AYQFDD[LI]EFCSH", "aa_position": 0.688478, "nucleotide_position": 1452}, {"regex": "VR[WG]SDNT[AS][GST]Y[LM]PG[KR]N", "aa_position": 0.715505, "nucleotide_position": 1509}, {"regex": "NT[AS][GST]Y[LM]PG[KR]NT[AST]TIL", "aa_position": 0.722617, "nucleotide_position": 1524}, {"regex": "PG[KR]NT[AST]TILAKMATR", "aa_position": 0.731152, "nucleotide_position": 1542}, {"regex": "TILAKMATRL[DN]SSGE", "aa_position": 0.739687, "nucleotide_position": 1560}, {"regex": "MATRL[DN]SSGE[KR]GT[IV][AS]", "aa_position": 0.746799, "nucleotide_position": 1575}, {"regex": "AVAF[QSN][LF]LL[MT][DY]SWNPL", "aa_position": 0.772404, "nucleotide_position": 1629}, {"regex": "[DY]SWNPL[IV][KR][KR][IV][SC]LLVL", "aa_position": 0.785206, "nucleotide_position": 1656}, {"regex": "L[IV][KR][KR][IV][SC]LLVL[ST]TE[MLP][QL]", "aa_position": 0.792319, "nucleotide_position": 1671}, {"regex": "PG[KR]S[AIT][IT]Y[CY][FY]E[GR]DP[IT]S", "aa_position": 0.816501, "nucleotide_position": 1722}, {"regex": "Y[CY][FY]E[GR]DP[IT]SA[HY][KR]E[DV][IV]", "aa_position": 0.825036, "nucleotide_position": 1740}, {"regex": "SA[HY][KR]E[DV][IV][GS][HR]N[LF][LFS]DL[KR]", "aa_position": 0.836415, "nucleotide_position": 1764}, {"regex": "DL[KR][KR]T[GSN][LF][DE]KLA[KR]LNL", "aa_position": 0.853485, "nucleotide_position": 1800}, {"regex": "[LF][DE]KLA[KR]LNL[SN]MS[ITV]L[GR]", "aa_position": 0.86202, "nucleotide_position": 1818}, {"regex": "WT[KR]HTSKR[LI]LQDC[IV][DN]", "aa_position": 0.88478, "nucleotide_position": 1866}, {"regex": "EGNW[LP]VNA[HD][GSR]LVS[GSN]K", "aa_position": 0.911807, "nucleotide_position": 1923}, {"regex": "VNA[HD][GSR]LVS[GSN]K[PT]G[DN][KSR][HY]", "aa_position": 0.918919, "nucleotide_position": 1938}, {"regex": "S[GSN]K[PT]G[DN][KSR][HY][LVIMT]PG[DE][AG]HT", "aa_position": 0.928876, "nucleotide_position": 1959}, {"regex": "PG[DE][AG]HT[RQL]QG[ASRIKT]HYEEL", "aa_position": 0.941679, "nucleotide_position": 1986}, {"regex": "T[LQR]QG[ASRIKT]HYEEL[AVIMT]L[ATV][KR][KR]", "aa_position": 0.948791, "nucleotide_position": 2001}, {"regex": "[DSN][LF][QKEV]G[AST]D[IR]Y[DKN]L[GC]P[LIM]V[DN]", "aa_position": 0.974395, "nucleotide_position": 2055}, {"regex": "D[IR]Y[DKN]L[GC]P[LIM]V[DN][LIMV]VLRR", "aa_position": 0.981508, "nucleotide_position": 2070}, {"regex": "RR[LM][KR][IV][LMV][LIM]M[AT][LF][IM][GR][GKTR][GR][ATV]", "aa_position": 1, "nucleotide_position": 2109}], "p7": [{"regex": "[LFS][QP][LSM][GSN]Q[GD]EV[IV]L[IV]GN[LS][LI]", "aa_position": 0, "nucleotide_position": 0}, {"regex": "GN[LS][LI][IT]H[MAT]D[INT][GE]VVVY[FY]", "aa_position": 0.2, "nucleotide_position": 33}, {"regex": "H[MAT]D[INT][GE]VVVY[FY]L[LM]L[FY]L", "aa_position": 0.290909, "nucleotide_position": 48}, {"regex": "R[DE][DE]P[IV]K[KR]W[IV]LLLFHA", "aa_position": 0.6, "nucleotide_position": 99}, {"regex": "W[IV]LLLFHA[IM]TNNP[AIV]K", "aa_position": 0.727273, "nucleotide_position": 120}, {"regex": "[AT][LVITM][TV]VAL[LP][IM][IFV]SG[AV][ATV][KR]G", "aa_position": 1, "nucleotide_position": 165}], "polyprotein": [{"regex": "[MV]E[LM][DNKTH][HYNR][FS][DE][LF]LY[GKER]T[SN][KE][QR]", "aa_position": 0, "nucleotide_position": 0}, {"regex": "T[SN][KE][QR][KR][SP][AVIKM]G[AV]EEPV[DY]D", "aa_position": 0.002818, "nucleotide_position": 33}, {"regex": "G[KTR]P[LF][LFS]G[VGDN][SPT][GSN][EV][LIV]HP[QL]S", "aa_position": 0.007172, "nucleotide_position": 84}, {"regex": "[GDNV][SPT][GSN][EV][LIV]HP[QL]STLK[LI][PT]H", "aa_position": 0.008709, "nucleotide_position": 102}, {"regex": "HP[QL]STLK[LI][PT]H[DEN]RG[KR][GS]", "aa_position": 0.00999, "nucleotide_position": 117}, {"regex": "[IKR]T[IT]L[NRKHE][DGNY]LP[KR][KR]G[DE]C[WR][GSN]", "aa_position": 0.014344, "nucleotide_position": 168}, {"regex": "[DGNY]LP[KR][KR]G[DE]C[WR][GSN]GN[HR]L[GR]", "aa_position": 0.015625, "nucleotide_position": 183}, {"regex": "G[DE]C[WR][GSN]GN[HR]L[GR][LP][IV]SG[ITV]", "aa_position": 0.016906, "nucleotide_position": 198}, {"regex": "GN[HR]L[GR][LP][IV]SG[ITV]Y[AIV]KPG", "aa_position": 0.018186, "nucleotide_position": 213}, {"regex": "QDY[MITV][GD]P[AV]Y[HY]RAPLE[LF]", "aa_position": 0.023053, "nucleotide_position": 270}, {"regex": "Y[HY]RAPLE[LF]F[DASNHGE]E[ATV][QR][LFC]C", "aa_position": 0.024846, "nucleotide_position": 291}, {"regex": "[LFC]C[DE][MV][AT][KR]RIGRVTG[SN]D", "aa_position": 0.028176, "nucleotide_position": 330}, {"regex": "[KR]RIGRVTG[SN]D[SGE][KR]LYH", "aa_position": 0.029457, "nucleotide_position": 345}, {"regex": "LYH[LIMT][HY][AV][CR][ITV][GD]G[CY][LIV]LL[KER]", "aa_position": 0.032531, "nucleotide_position": 381}, {"regex": "[AV][CR][ITV][GD]G[CY][LIV]LL[KER][LSQ]A[KT][KR][DGSN]", "aa_position": 0.033811, "nucleotide_position": 396}, {"regex": "LL[KER][LSQ]A[KT][KR][SGDN][AIET]P[IGKR][IST][LR]KW", "aa_position": 0.035605, "nucleotide_position": 417}, {"regex": "[SR]N[LFSY]T[DN]CPLWV[AT]SCS[DE]", "aa_position": 0.039703, "nucleotide_position": 465}, {"regex": "CPLWV[AT]SCS[DE][AGDE][GS][ASVPT][DSNRG][AGS]", "aa_position": 0.040984, "nucleotide_position": 480}, {"regex": "KKPDR[IM][ISN][KR][GV][KNE]L[KR]I[AT]P", "aa_position": 0.045594, "nucleotide_position": 534}, {"regex": "[KR][GV][KNE]L[KR]I[AT]P[KR][GE][HY]EKDS", "aa_position": 0.047387, "nucleotide_position": 555}, {"regex": "[KR][SP]PDA[MT][IM]V[AV]EG[IV][KR][SY]Q", "aa_position": 0.051742, "nucleotide_position": 606}, {"regex": "KGK[IV][KNR]G[KNR][SN]TQ[GD]GLYH", "aa_position": 0.056352, "nucleotide_position": 660}, {"regex": "GLYHN[KR][KN][KR]PP[GE]SR[KR]K", "aa_position": 0.05917, "nucleotide_position": 693}, {"regex": "PP[GE]SR[KR]KL[KE]K[AT]LLAW", "aa_position": 0.061219, "nucleotide_position": 717}, {"regex": "[KR]KL[KE]K[AT]LLAWA[IV][IMV][AT][ITV]", "aa_position": 0.0625, "nucleotide_position": 732}, {"regex": "[CY]QP[LIAV][AVKTE]A[GEV]N[IMV][IT]QWNLS", "aa_position": 0.066855, "nucleotide_position": 783}, {"regex": "A[GEV]N[IMV][IT]QWNLSD[YN][GS]T[DSN]", "aa_position": 0.068135, "nucleotide_position": 798}, {"regex": "QWNLSD[NY][GS]T[DSN]G[IV][QL][QHR][AV]", "aa_position": 0.069416, "nucleotide_position": 813}, {"regex": "M[HY][LFR]R[GR][IV][SN][TR]SL[HD]GIW[SP]", "aa_position": 0.073258, "nucleotide_position": 858}, {"regex": "SL[HD]GIW[SP][GE][KER]ICKGVP", "aa_position": 0.075307, "nucleotide_position": 882}, {"regex": "ICKGVP[ST][HY][LF][AV]T[DV][MTV]EL", "aa_position": 0.077613, "nucleotide_position": 909}, {"regex": "I[LHQR]GMMD[AGT][SN]E[GKR]TN[FY][AT]C", "aa_position": 0.081967, "nucleotide_position": 960}, {"regex": "TN[FY][AT]CC[KR][LS]QR[HP]EWNK", "aa_position": 0.084529, "nucleotide_position": 990}, {"regex": "[LS]QR[HP]EWNK[HY]GWCNW[HY]", "aa_position": 0.086322, "nucleotide_position": 1011}, {"regex": "WNK[HY]GWCNW[HY][SN][IV][GDN]PW", "aa_position": 0.087602, "nucleotide_position": 1026}, {"regex": "WCNW[HY][SN][IV][GDN]PW[IV][QP][LP]MN", "aa_position": 0.088883, "nucleotide_position": 1041}, {"regex": "[IV][GDN]PW[IV][QP][LP]MN[KR]TQ[AT][SDN]L", "aa_position": 0.09042, "nucleotide_position": 1059}, {"regex": "[DGE][GS]PP[DASNVE][KR]ECAVTCRYD", "aa_position": 0.094518, "nucleotide_position": 1107}, {"regex": "D[IV]NV?[AV][AT]QARN[GR]P[AT]TL", "aa_position": 0.099129, "nucleotide_position": 1161}, {"regex": "QARN[GR]P[AT]TLT[GD]CK[KR]G", "aa_position": 0.100666, "nucleotide_position": 1179}, {"regex": "P[AT]TLT[GD]CK[KR]GK[KN][LFS]SF", "aa_position": 0.101947, "nucleotide_position": 1194}, {"regex": "[GD]CK[KR]GK[KN][LFS]SF[ADV]GT[IV]I", "aa_position": 0.103227, "nucleotide_position": 1209}, {"regex": "[AP][CR][FIN][LFS][DHN][IV]S[AV]ED[IT]LY[GE]D", "aa_position": 0.107582, "nucleotide_position": 1260}, {"regex": "[IV]S[AV]ED[IT]LY[GE]D[HN][GE][SCY][DSRGC]S", "aa_position": 0.108863, "nucleotide_position": 1275}, {"regex": "D[MAT][AS][LQ][HY]L[LIV][DE]G[MV]TN[AT]IE", "aa_position": 0.113473, "nucleotide_position": 1329}, {"regex": "[DE]G[MV]TN[AT]IE[SNRKTG]A[SR]Q[GS]AA", "aa_position": 0.115266, "nucleotide_position": 1350}, {"regex": "A[SR]Q[GS]AA[KR][AIV]TSW[LIF]GRQ", "aa_position": 0.117572, "nucleotide_position": 1377}, {"regex": "A[KR][AIV]TSW[LIF]GRQ[LF][KSR][AIT][AT]G", "aa_position": 0.118852, "nucleotide_position": 1392}, {"regex": "LE[GSR][GR]S[IKR][AT]WFGAYA[LH]S", "aa_position": 0.123207, "nucleotide_position": 1443}, {"regex": "[AT]WFGAYA[LH]SPYC[DN][AV][ST]", "aa_position": 0.124744, "nucleotide_position": 1461}, {"regex": "G[HY][IV]W[HY][NT][DSN]NCTPACLP", "aa_position": 0.129355, "nucleotide_position": 1515}, {"regex": "IIGPGKFDTNAEDGK", "aa_position": 0.134221, "nucleotide_position": 1572}, {"regex": "KFDTNAEDGK[IT]L[HQ]EM", "aa_position": 0.135502, "nucleotide_position": 1587}, {"regex": "AEDGK[IT]L[HQ]EM[GR]G[HR][LI]S", "aa_position": 0.136783, "nucleotide_position": 1602}, {"regex": "EM[GR]G[HR][LI]SE[LF][LQ]LLSLV", "aa_position": 0.138832, "nucleotide_position": 1626}, {"regex": "LLSLV[ISV]LS[DN]FA[YP]ETA", "aa_position": 0.141393, "nucleotide_position": 1656}, {"regex": "LS[DN]FA[YP]ETAS[AMT]LYLI", "aa_position": 0.14293, "nucleotide_position": 1674}, {"regex": "ETAS[AMT]LYLI[LFS][HY]Y[ATMV][IV]P", "aa_position": 0.144467, "nucleotide_position": 1692}, {"regex": "[DGKE][GEV][LSP][DGKE][SGD]CDTNQ[LP]NLTV", "aa_position": 0.149078, "nucleotide_position": 1746}, {"regex": "CDTNQ[LP]NLTV[GEK]L[KTR]T[QE]", "aa_position": 0.150359, "nucleotide_position": 1761}, {"regex": "PSS[IV][WC][SN][LIV]G[KER]YVC[IV][KR]P", "aa_position": 0.154969, "nucleotide_position": 1815}, {"regex": "G[KER]YVC[IV][KR]P[GD]WWPYET", "aa_position": 0.156762, "nucleotide_position": 1836}, {"regex": "P[GD]WWPYET[KE]V[AV]LLFE", "aa_position": 0.158555, "nucleotide_position": 1857}, {"regex": "YET[KE]V[AV]LLFEE[AV][GE]Q[IV]", "aa_position": 0.159836, "nucleotide_position": 1872}, {"regex": "LLFEE[AV][GE]Q[IV][IV][KN][LS][AITV][LV]R", "aa_position": 0.161373, "nucleotide_position": 1890}, {"regex": "R[AV][LMV][GR]DL[ITV][KR][AV][WR][SN]SAST", "aa_position": 0.164959, "nucleotide_position": 1932}, {"regex": "[KR][AV][WR][SN]SAST[IT][AT]FLICL", "aa_position": 0.166752, "nucleotide_position": 1953}, {"regex": "AST[IT][AT]FLICL[IV][KR][ITV]LR", "aa_position": 0.168033, "nucleotide_position": 1968}, {"regex": "FLICL[IV][KR][ITV]LRGQ[IV][GV]Q", "aa_position": 0.169314, "nucleotide_position": 1983}, {"regex": "LRGQ[IV][GV]QG[IV][ITV]WLLLV", "aa_position": 0.171363, "nucleotide_position": 2007}, {"regex": "[GV]QG[IV][ITV]WLLLVTG?A?P?V?", "aa_position": 0.172643, "nucleotide_position": 2022}, {"regex": "WLLLVTGAPVSCTHL", "aa_position": 0.173924, "nucleotide_position": 2037}, {"regex": "AADYKDDDDKGAQGR", "aa_position": 0.178023, "nucleotide_position": 2054}, {"regex": "D?D?D?D?K?G[AS]QG[QR]L[ASTV]C[KR][KE]", "aa_position": 0.179303, "nucleotide_position": 2054}, {"regex": "G[AS]QG[QR]L[ASTV]C[KR][KE][GDEN][HFY]RYA", "aa_position": 0.180584, "nucleotide_position": 2055}, {"regex": "C[KR][KE][GDEN][HFY]RYA[LI]S[ST]T[DN][GKE]I", "aa_position": 0.182377, "nucleotide_position": 2076}, {"regex": "LGA[RKIGE][GD]LTT[IT]W[RKTQE][DE][HFY][DSNRT][HYQ]", "aa_position": 0.186732, "nucleotide_position": 2127}, {"regex": "W[RKTQE][DE][HFY][DSNRT][HYQ][DGSN][LF][QH]L[DN]DGT[IV]", "aa_position": 0.189037, "nucleotide_position": 2154}, {"regex": "DGT[IV][KR][AT][ISTV]C[AVIMTE]AG[FS]F[KTR][AIV]", "aa_position": 0.191855, "nucleotide_position": 2187}, {"regex": "AG[FS]F[KTR][AIV][RVIMT]A[LI][DNT][AV]VSRR", "aa_position": 0.19416, "nucleotide_position": 2214}, {"regex": "A[LI][DNT][AV]VSRRYLASL[HQ][KEN]", "aa_position": 0.195953, "nucleotide_position": 2235}, {"regex": "A[LS][LSP]TSV[AT]F[GE]LLFDGT", "aa_position": 0.200051, "nucleotide_position": 2283}, {"regex": "V[AT]F[GE]LLFDGT[ASNRT]P[LASVT][ISTV][EV]", "aa_position": 0.201332, "nucleotide_position": 2298}, {"regex": "[EV]M[DGE]D[DEN]F[GER][FS]G[QL]CP[SLFY]DT", "aa_position": 0.205174, "nucleotide_position": 2343}, {"regex": "KG[KR]YN[AT]TL[LFV][SN]GS[AT]FY", "aa_position": 0.210041, "nucleotide_position": 2400}, {"regex": "TL[LFV][SN]GS[AT]FYLVCPI[WG]", "aa_position": 0.211578, "nucleotide_position": 2418}, {"regex": "FYLVCPI[WG]W[MT]G[AIV][IMV]EC", "aa_position": 0.213371, "nucleotide_position": 2439}, {"regex": "ECT[AS][FV][SN][MP][DST]T[LS]RTEVV", "aa_position": 0.216701, "nucleotide_position": 2478}, {"regex": "[SN][MP][DST]T[LS]RTEVVKTF[KR]R", "aa_position": 0.217982, "nucleotide_position": 2493}, {"regex": "RTEVVKTF[KR]R[DGE][KR]PFP", "aa_position": 0.219262, "nucleotide_position": 2508}, {"regex": "[KR]PFP[HY][GR][ARVKTMG][DNFGE]C[LAVIM][IT][IT][MITV]V[EV]", "aa_position": 0.22208, "nucleotide_position": 2541}, {"regex": "DL[LFY][HYN]C[KNR][WL]GGNWTCV[KR]", "aa_position": 0.226434, "nucleotide_position": 2592}, {"regex": "[WL]GGNWTCV[KR]G[DANGE][PR][AV][ANVIT]Y", "aa_position": 0.227971, "nucleotide_position": 2610}, {"regex": "GG[LQPV]V[KNTR][RQL]C[KR]W[GC]G[LF][DYNVE]F[KDEN]", "aa_position": 0.23207, "nucleotide_position": 2658}, {"regex": "W[GC]G[LF][DYNVE]F[DKNE][VGEK]P[DEY]GLPH[FY]", "aa_position": 0.234119, "nucleotide_position": 2682}, {"regex": "F[DKNE][GKEV]P[DEY]GLPH[FY]P[LI]GKC", "aa_position": 0.2354, "nucleotide_position": 2697}, {"regex": "GLPH[FY]P[LI]GKC[ITV][LP][ASVTE]NE", "aa_position": 0.23668, "nucleotide_position": 2712}, {"regex": "NET[GS]YR[IMV]VD[LST][AT][GSDN]C[STN][GR]", "aa_position": 0.24001, "nucleotide_position": 2751}, {"regex": "VD[LST][AT][DGSN]C[SNT][GR][GDN]GV[LIV][IV][GSR][AIT]", "aa_position": 0.241803, "nucleotide_position": 2772}, {"regex": "[DKE]G[DGSE]HE[WC]L[IV]G[SN]T[ST]V[KR]V", "aa_position": 0.245645, "nucleotide_position": 2817}, {"regex": "[WC]L[IV]G[SN]T[ST]V[KR]V[LYHR]A[MLST][GD][AGER]", "aa_position": 0.246926, "nucleotide_position": 2832}, {"regex": "PMPC[KR][HP]K[KE][IT][AIV][LSP]S[ASE]GP", "aa_position": 0.251537, "nucleotide_position": 2886}, {"regex": "[LSP]S[ASE]GP[AV][SRKME]K[AT]SCTF[KN]Y", "aa_position": 0.254098, "nucleotide_position": 2916}, {"regex": "TL[KR]N[KR][YN]YE[LP]R[GD][SN][CY]FQ", "aa_position": 0.258453, "nucleotide_position": 2967}, {"regex": "YE[LP]R[GD][SN][CY]FQ[QR]YMLKG", "aa_position": 0.25999, "nucleotide_position": 2985}, {"regex": "[CY]FQ[QR]YMLKGEY[QK]YWF", "aa_position": 0.261527, "nucleotide_position": 3003}, {"regex": "MLKGEY[QK]YWF[DN]L[DE][AMV][AT]", "aa_position": 0.262807, "nucleotide_position": 3018}, {"regex": "D[HR]H[AST][GDE]Y[LF]AE[LF][LIV]V[LM]VV", "aa_position": 0.26665, "nucleotide_position": 3063}, {"regex": "Y[LF]AE[LF][LIV]V[LM]VV[AV]ALLG", "aa_position": 0.26793, "nucleotide_position": 3078}, {"regex": "V[LM]VV[AV]ALLGGRY[AIV]L[WV]", "aa_position": 0.269467, "nucleotide_position": 3096}, {"regex": "ALLGGRY[AIV]L[WV]L[IV]V[AT][CYL]", "aa_position": 0.270748, "nucleotide_position": 3111}, {"regex": "Y[AIV]L[WV]L[IV]V[AT][CLY][LAVIMT][AIV]LTEQ", "aa_position": 0.272285, "nucleotide_position": 3129}, {"regex": "[IV]V[AT][CLY][LAVIMT][AIV]LTEQ[LFP]A[AT]G[LFS]", "aa_position": 0.273566, "nucleotide_position": 3144}, {"regex": "Q[GD]EV[IV]L[IV]GN[LS][LI][IT]H[AMT]D", "aa_position": 0.278176, "nucleotide_position": 3198}, {"regex": "GN[LS][LI][IT]H[MAT]D[INT][GE]VVVY[FY]", "aa_position": 0.279969, "nucleotide_position": 3219}, {"regex": "H[MAT]D[INT][GE]VVVY[FY]L[LM]L[FY]L", "aa_position": 0.28125, "nucleotide_position": 3234}, {"regex": "R[DE][DE]P[IV]K[KR]W[IV]LLLFHA", "aa_position": 0.285605, "nucleotide_position": 3285}, {"regex": "W[IV]LLLFHA[IM]TNNP[AIV]K", "aa_position": 0.287398, "nucleotide_position": 3306}, {"regex": "FHA[IM]TNNP[AIV]K[AT][LVIMT][TV]VA", "aa_position": 0.288678, "nucleotide_position": 3321}, {"regex": "NNP[AIV]K[AT][LVITM][TV]VAL[LP][IM][IFV]S", "aa_position": 0.289959, "nucleotide_position": 3336}, {"regex": "[AT][LVITM][TV]VAL[LP][IM][IFV]SG[AV][ATV][KR]G", "aa_position": 0.29124, "nucleotide_position": 3351}, {"regex": "SG[AV][ATV][KR]G[GR][IQKR][MAIT][GDEN][GS]GW[LQHR][WSR]", "aa_position": 0.293545, "nucleotide_position": 3378}, {"regex": "GW[RQHL][WSR][QL][LSP][GEV][AINT][GSNT][LIF][DN][ITV]Q[LF][AMV]", "aa_position": 0.296363, "nucleotide_position": 3411}, {"regex": "[GEV][AINT][GSNT][ILF][DN][ITV]Q[LF][AMV][LF][AT]V[LAVIT][LIV]V", "aa_position": 0.2979, "nucleotide_position": 3429}, {"regex": "Q[LF][AMV][LF][AT]V[LAVIT][LIV]V[ASV][AV]ML[LSM]A", "aa_position": 0.299436, "nucleotide_position": 3447}, {"regex": "V[LAVIT][LIV]V[ASV][AV]ML[LSM]A[KR][KR]D[LP][IT]", "aa_position": 0.300717, "nucleotide_position": 3462}, {"regex": "[AV]ML[LSM]A[KR][KR]D[LP][IT][LT][LSVFIP][SPT]LV", "aa_position": 0.301998, "nucleotide_position": 3477}, {"regex": "[IT][LT][LSVIFP][SPT]LV[AIV]TV[AV][PAT]L[KR]TA", "aa_position": 0.304303, "nucleotide_position": 3504}, {"regex": "V[AIV]TV[AV][APT]L[KR]TA[KR][IMV]T[SN]G", "aa_position": 0.305584, "nucleotide_position": 3519}, {"regex": "TD[LIQ][ATV][IM][AV]T[IV][LS][ATV][ATV][LM]L[IT]W", "aa_position": 0.309939, "nucleotide_position": 3570}, {"regex": "T[IV][LS][ATV][ATV][LM]L[IT]W[ST]Y[IN][CKS]DY", "aa_position": 0.311475, "nucleotide_position": 3588}, {"regex": "[LM]L[IT]W[ST]Y[IN][CKS]DY[FY][KR][SY]KT", "aa_position": 0.312756, "nucleotide_position": 3603}, {"regex": "[SY]KT[WL][LIQ]Q[YN]L[IV]S[IT][RMV][AT]G[IN]", "aa_position": 0.31583, "nucleotide_position": 3639}, {"regex": "[AT]G[IN][FS][LM]I[KR][AEV][LH]KG[LIKV]GE[LM]", "aa_position": 0.318904, "nucleotide_position": 3675}, {"regex": "I[KR][AEV][LH]KG[LIKV]GE[LM][DE][LFM][HY][PATV]P", "aa_position": 0.320184, "nucleotide_position": 3690}, {"regex": "P[AST]LP[CST][HY][KR]PLF[LFYH]ILVY", "aa_position": 0.32377, "nucleotide_position": 3732}, {"regex": "[KR]PLF[HFYL]ILVYL[IT]STA[AIV]", "aa_position": 0.325307, "nucleotide_position": 3750}, {"regex": "ILVYL[IT]STA[AIV]VTRWN", "aa_position": 0.326588, "nucleotide_position": 3765}, {"regex": "[IT]STA[AIV]VTRWNLD[IV]A[GR]", "aa_position": 0.327869, "nucleotide_position": 3780}, {"regex": "L[QR]C[AIV]P[IT][LF]L[IM][IV][LF]TMWA", "aa_position": 0.332223, "nucleotide_position": 3831}, {"regex": "L[IM][IV][LF]TMWA[GD]I[LIF][AT]LIL", "aa_position": 0.334016, "nucleotide_position": 3852}, {"regex": "MWA[GD]I[ILF][AT]LIL[IV]LPTY", "aa_position": 0.335297, "nucleotide_position": 3867}, {"regex": "LPTYEL[AT]KL[HY]YLKE[LMV]", "aa_position": 0.338115, "nucleotide_position": 3900}, {"regex": "L[AT]KL[HY]YLKE[LMV][KR][NVIMT]G[AT]E", "aa_position": 0.339395, "nucleotide_position": 3915}, {"regex": "E[KR][DGS]W[LSM][WL]K[TV][DSN][CFY][KR][GSTR][IV]ND", "aa_position": 0.342982, "nucleotide_position": 3957}, {"regex": "K[TV][DSN][CFY][KR][GSTR][IV]ND[LI]Y[KE][IV][DE]Q", "aa_position": 0.344518, "nucleotide_position": 3975}, {"regex": "ND[LI]Y[KE][IV][DE]Q[AST][GS]EGVYL", "aa_position": 0.346311, "nucleotide_position": 3996}, {"regex": "[IV][DE]Q[AST][GS]EGVYLFPSKQ", "aa_position": 0.347592, "nucleotide_position": 4011}, {"regex": "[ITMV]T[GSN][AT][LIMV]LPLIKAILIS", "aa_position": 0.352459, "nucleotide_position": 4068}, {"regex": "LPLIKAILISC[IV]SNK", "aa_position": 0.35374, "nucleotide_position": 4083}, {"regex": "[IV]Y[LP][LM][DY]L[IV][FS]E[GMV][LSP][HY][SY]L[HP]", "aa_position": 0.35835, "nucleotide_position": 4137}, {"regex": "[SY]L[HP][KR][KR][IV][LIM][DY]EIAGGTN", "aa_position": 0.361424, "nucleotide_position": 4173}, {"regex": "EIAGGTN[LF][IV]SRL[AV][AQ]A", "aa_position": 0.363473, "nucleotide_position": 4197}, {"regex": "SRL[AV][AQ]ALIE[AIV][STN]W[AT][LF]D", "aa_position": 0.365779, "nucleotide_position": 4224}, {"regex": "D[DISN]EE[AV][IKR]GLKKF[FY]LLS", "aa_position": 0.369365, "nucleotide_position": 4266}, {"regex": "GLKKF[FY]LLS[GSN][KR]VKEL", "aa_position": 0.370902, "nucleotide_position": 4284}, {"regex": "LLS[GSN][KR]VKEL[IV][IT]KHKV", "aa_position": 0.372439, "nucleotide_position": 4302}, {"regex": "VKEL[IV][IT]KHKV[SR]NE[IV][IMV]", "aa_position": 0.373719, "nucleotide_position": 4317}, {"regex": "[IT]KHKV[SR]NE[IV][IMV][ATV][HR]W[FY][DGE]", "aa_position": 0.375, "nucleotide_position": 4332}, {"regex": "YGMPKL[IV][GC]LV[KR]AATL", "aa_position": 0.379867, "nucleotide_position": 4389}, {"regex": "AATLS[KR][SDN][KR][HN]C[IM]LCT[AV]", "aa_position": 0.382684, "nucleotide_position": 4422}, {"regex": "C[IM]LCT[AV]CE[DN]R[KDEN]W[GKR][GV]E", "aa_position": 0.38499, "nucleotide_position": 4449}, {"regex": "CE[DN]R[DKNE]W[GKR][GV]ETCPKCG", "aa_position": 0.386527, "nucleotide_position": 4467}, {"regex": "W[GKR][GV]ETCPKCGR[LF]GPP", "aa_position": 0.387807, "nucleotide_position": 4482}, {"regex": "GMTLADF[GE]EKHY[KN][SR]I", "aa_position": 0.392418, "nucleotide_position": 4536}, {"regex": "DF[GE]EKHY[KN][SR]IF[LIFV]RED", "aa_position": 0.393699, "nucleotide_position": 4551}, {"regex": "HY[KN][SR]IF[LIFV]REDQ[LS][GDE]GP", "aa_position": 0.39498, "nucleotide_position": 4566}, {"regex": "[MR]EE[CHYR][AV]GYLQY[KR]ARGQ", "aa_position": 0.399078, "nucleotide_position": 4614}, {"regex": "GYLQY[KR]ARGQLF[LP]RN", "aa_position": 0.400359, "nucleotide_position": 4629}, {"regex": "ARGQLF[LP]RNLP[MV][LS]AT", "aa_position": 0.401895, "nucleotide_position": 4647}, {"regex": "F[LP]RNLP[MV][LS]ATK[IV]KM[LI]", "aa_position": 0.403176, "nucleotide_position": 4662}, {"regex": "ATK[IV]KM[LI]L[LV][GD]NL[GR][ST]E", "aa_position": 0.405225, "nucleotide_position": 4686}, {"regex": "GD[LM]E[HY][LI]GWVLRG[LP][AG][FV]", "aa_position": 0.409324, "nucleotide_position": 4734}, {"regex": "GWVLRG[LP][AG][FV]CK[KM]V[IT]E", "aa_position": 0.410861, "nucleotide_position": 4752}, {"regex": "C[AST]T[ST][IM]MDKL[IT]A[LF]FGV", "aa_position": 0.415471, "nucleotide_position": 4806}, {"regex": "MDKL[IT]A[LF]FGVMPRGT", "aa_position": 0.416752, "nucleotide_position": 4821}, {"regex": "FGVMPRGTTPRAPVR", "aa_position": 0.418545, "nucleotide_position": 4842}, {"regex": "RGTTPRAPVRFPTS[LFP]", "aa_position": 0.419826, "nucleotide_position": 4857}, {"regex": "RGLETG[WL]A[YV][ST]HQGGI", "aa_position": 0.424693, "nucleotide_position": 4914}, {"regex": "HQGGISSVDHVT[CR]GK", "aa_position": 0.427254, "nucleotide_position": 4944}, {"regex": "SSVDHVT[CR]GKDLLVC", "aa_position": 0.428535, "nucleotide_position": 4959}, {"regex": "RTRVVCQ[ST]NNKMTDE", "aa_position": 0.433402, "nucleotide_position": 5016}, {"regex": "EYG[IV]KT[GD]SGCPEG[AV]R", "aa_position": 0.4375, "nucleotide_position": 5064}, {"regex": "T[GD]SGCPEG[AV]RCYV[LFS]N", "aa_position": 0.438781, "nucleotide_position": 5079}, {"regex": "PEG[AV]RCYV[LFS]N[PR][GER]A[IV][DKN]", "aa_position": 0.440061, "nucleotide_position": 5094}, {"regex": "SG[IT][KR][GE][AS]MVHLQK[GT]GG", "aa_position": 0.44416, "nucleotide_position": 5142}, {"regex": "MVHLQK[GT]GGEF[AT]CVT", "aa_position": 0.445697, "nucleotide_position": 5160}, {"regex": "CVTAS[GR]TPAFFDLKN", "aa_position": 0.44877, "nucleotide_position": 5196}, {"regex": "TPAFFDLKNL[KR]GWSG", "aa_position": 0.450307, "nucleotide_position": 5214}, {"regex": "DLKNL[KR]GWSGLPIFE", "aa_position": 0.451588, "nucleotide_position": 5229}, {"regex": "[KR]GWSGLPIFEAS[GS]GR", "aa_position": 0.452869, "nucleotide_position": 5244}, {"regex": "RVKVGKNEDSKPTKL", "aa_position": 0.45748, "nucleotide_position": 5298}, {"regex": "KNEDSKPTKLMSGIQ", "aa_position": 0.45876, "nucleotide_position": 5313}, {"regex": "KPTKLMSGIQ[AT]VSK[SN]", "aa_position": 0.460041, "nucleotide_position": 5328}, {"regex": "TDLT[DE][MV]V[KR]K[IM][AT][AT][MV][SN]R", "aa_position": 0.464139, "nucleotide_position": 5376}, {"regex": "K[IM][AT][AT][MV][SN]RGEF[KR]Q[IM]TL", "aa_position": 0.466189, "nucleotide_position": 5400}, {"regex": "RGEF[KR]Q[IM]TLATGAGK", "aa_position": 0.467725, "nucleotide_position": 5418}, {"regex": "Q[IM]TLATGAGKTT[GE][LF]P", "aa_position": 0.469006, "nucleotide_position": 5433}, {"regex": "TGAGKTT[GE][LF]PRSVIE", "aa_position": 0.470287, "nucleotide_position": 5448}, {"regex": "GRHKR[AV][LS]VLIPLRAA", "aa_position": 0.474641, "nucleotide_position": 5499}, {"regex": "LIPLRAA[AR]ESVY[QL]YM", "aa_position": 0.476691, "nucleotide_position": 5523}, {"regex": "ESVY[QL]YMR[QP]K[HR]PSIA", "aa_position": 0.47874, "nucleotide_position": 5547}, {"regex": "FN[LV]R[IT]GE[LM][KE]EGDMAT", "aa_position": 0.482582, "nucleotide_position": 5592}, {"regex": "GE[LM][KE]EGDMATGI[ST]YA", "aa_position": 0.483863, "nucleotide_position": 5607}, {"regex": "GDMATGI[ST]YA[QS][HY]GYF", "aa_position": 0.485143, "nucleotide_position": 5622}, {"regex": "GI[ST]YA[QS][HY]GYF[CR]Q[IM][SPT]Q", "aa_position": 0.486424, "nucleotide_position": 5637}, {"regex": "[QS][HY]GYF[CR]Q[IM][SPT]QP[KT]L[GR]A", "aa_position": 0.487705, "nucleotide_position": 5652}, {"regex": "VEYS[FY]IFL[DY]EYHC[AT]T", "aa_position": 0.492059, "nucleotide_position": 5703}, {"regex": "EYHC[AT]TPE[QH][LM]AIMGK", "aa_position": 0.494365, "nucleotide_position": 5730}, {"regex": "TPE[QH][LM]AIMGKIHRFS", "aa_position": 0.495645, "nucleotide_position": 5745}, {"regex": "AIMGKIHRFSE[HN]LRV", "aa_position": 0.496926, "nucleotide_position": 5760}, {"regex": "IHRFSE[HN]LRV[IV]A[IMT][TR]A", "aa_position": 0.498207, "nucleotide_position": 5775}, {"regex": "GTVT[AT]TGQK[HY][SP]IE[DE][FY]", "aa_position": 0.502818, "nucleotide_position": 5829}, {"regex": "IE[DE][FY][IM]AP[DE][LAV]MKG[KE][DYN]L", "aa_position": 0.505635, "nucleotide_position": 5862}, {"regex": "MKG[KE][DYN]L[GSR][SP][DEY][FY][LS][GD][IMV]AG", "aa_position": 0.507941, "nucleotide_position": 5889}, {"regex": "L[GSR][SP][DEY][FY][LS][GD][IMV]AGLKIPV", "aa_position": 0.509221, "nucleotide_position": 5904}, {"regex": "AGLKIPV[DGEK][DE][IM][KN][SN]N[IMK]L", "aa_position": 0.51127, "nucleotide_position": 5928}, {"regex": "N[IMK]LVFVP[ST][MR][SKNY][MV]AV[DE][AITV]", "aa_position": 0.514344, "nucleotide_position": 5964}, {"regex": "[AG][QKH][IK][LM][KN][AP][KR]G[HY][DN]S[AG]YYY", "aa_position": 0.518186, "nucleotide_position": 6009}, {"regex": "[KR]G[HY][DN]S[AG]YYY[CS]GE[DE][SP]S", "aa_position": 0.519723, "nucleotide_position": 6027}, {"regex": "YY[CS]GE[DE][SP]S[SN]L[MR]V[IV]TS", "aa_position": 0.521516, "nucleotide_position": 6048}, {"regex": "L[MR]V[IV]TS[HQ]SPYVV[IV]AT", "aa_position": 0.523822, "nucleotide_position": 6075}, {"regex": "E[SP][GR]VTLPDL[DN]V[AV]V[DY][IT]", "aa_position": 0.528432, "nucleotide_position": 6129}, {"regex": "LPDL[DN]V[AV]V[DY][IT]G[LI][KR][CY]E", "aa_position": 0.529713, "nucleotide_position": 6144}, {"regex": "V[AV]V[DY][IT]G[LI][KR][CY]E[KM]R[LIV]RL", "aa_position": 0.530994, "nucleotide_position": 6159}, {"regex": "[MT]P[FY]IVT[GV][LQM]K[SR]M[ATR]V[NT][ISR]", "aa_position": 0.535605, "nucleotide_position": 6213}, {"regex": "V[NT][ISR][GR][EV]QAQR[GKR]GRVGR", "aa_position": 0.538678, "nucleotide_position": 6249}, {"regex": "QAQR[GKR]GRVGRVK[SP]GR", "aa_position": 0.539959, "nucleotide_position": 6264}, {"regex": "GRVGRVK[SP]GRY[CY]R[GS]Q", "aa_position": 0.54124, "nucleotide_position": 6279}, {"regex": "VK[SP]GRY[CY]R[GS]QET[IP][IV][AG]", "aa_position": 0.54252, "nucleotide_position": 6294}, {"regex": "Y[HR][HY]DLLQ[AG]QR[CY]GI[KE]D", "aa_position": 0.547131, "nucleotide_position": 6348}, {"regex": "Q[AG]QR[CY]GI[KE]DGINITK", "aa_position": 0.548668, "nucleotide_position": 6366}, {"regex": "GI[KE]DGINITKSFREM", "aa_position": 0.549949, "nucleotide_position": 6381}, {"regex": "INITKSFREMN[SY]D[WR]S", "aa_position": 0.55123, "nucleotide_position": 6396}, {"regex": "SFREMN[SY]D[WR]S[LE]YEE[DV]", "aa_position": 0.55251, "nucleotide_position": 6411}, {"regex": "[SY]D[WR]S[LE]YEE[DV]SL[MR]I[ST]Q", "aa_position": 0.554047, "nucleotide_position": 6429}, {"regex": "YEE[DV]SL[MR]I[ST]Q[LP]E[IV][LI][KN]", "aa_position": 0.555328, "nucleotide_position": 6444}, {"regex": "L[MR]I[ST]Q[LP]E[IV][LI][KN]N[LV][LMT]I[LS]", "aa_position": 0.556609, "nucleotide_position": 6459}, {"regex": "[DE]LP[LMV][AV]VK[SN]I[ISM][DANVG][QR]T[GDV]H", "aa_position": 0.560707, "nucleotide_position": 6507}, {"regex": "VK[SN]I[ISM][DANVG][QR]T[GDV]HPE[ASRPG]IQ", "aa_position": 0.561988, "nucleotide_position": 6522}, {"regex": "HPE[ASRPG]IQ[LF][AV]YN[IS]YE[PT]Q", "aa_position": 0.564293, "nucleotide_position": 6549}, {"regex": "Q[LF][AV]YN[IS]YE[PT]QV[SPT]V[LR][FSYN]", "aa_position": 0.565574, "nucleotide_position": 6564}, {"regex": "YE[PT]QV[SPT]V[LR][SFNY][PT]K[IV][KR][SIN]G", "aa_position": 0.567111, "nucleotide_position": 6582}, {"regex": "GEV[PLT]D[WASITC]Y[DY][SNKTQ][SY]T[IF][LIV][KN]A", "aa_position": 0.570697, "nucleotide_position": 6624}, {"regex": "T[IF][LIV][KN]A[IR]K[LMT]G[DE]D[LV][SP][SP]Y", "aa_position": 0.573258, "nucleotide_position": 6654}, {"regex": "[IR]K[MLT]G[DE]D[LV][SP][SP]Y[LV]YATE", "aa_position": 0.574539, "nucleotide_position": 6669}, {"regex": "D[LV][SP][SP]Y[LV]YATE[GD][GE]D[LR]A", "aa_position": 0.57582, "nucleotide_position": 6684}, {"regex": "YATE[GD][GE]D[LR]AV[DAE]LLG[LSM]", "aa_position": 0.577357, "nucleotide_position": 6702}, {"regex": "D[LR]AV[DAE]LLG[LSM][DE]WP[GD][GP]G", "aa_position": 0.578893, "nucleotide_position": 6720}, {"regex": "LLG[LSM][DE]WP[GD][GP]GN[QHL][GS][AT][AIMV]", "aa_position": 0.580174, "nucleotide_position": 6735}, {"regex": "[KR]ALKQ[GV][AIV][GV]LSTAENA", "aa_position": 0.584785, "nucleotide_position": 6789}, {"regex": "LSTAENA[LG][LV][AV]A[WLS][FY][CGS][CY]", "aa_position": 0.586834, "nucleotide_position": 6813}, {"regex": "QALSKR[HQ][IV]P[IKV][AV]TD[ITV]Y", "aa_position": 0.591445, "nucleotide_position": 6867}, {"regex": "EDHRLE[DY]T[IT]HLQYAP", "aa_position": 0.595799, "nucleotide_position": 6918}, {"regex": "E[DY]T[IT]HLQYAP[DN]AI[KR]T", "aa_position": 0.59708, "nucleotide_position": 6933}, {"regex": "LQYAP[DN]AI[KR]TE[LGR]K[DE]T", "aa_position": 0.598361, "nucleotide_position": 6948}, {"regex": "[DN]AI[KR]TE[LGR]K[DE]TELKEL", "aa_position": 0.599641, "nucleotide_position": 6963}, {"regex": "E[LGR]K[DE]TELKEL[AP]Q[GE]D[IV]", "aa_position": 0.600922, "nucleotide_position": 6978}, {"regex": "ELKEL[AP]Q[GE]D[IV]Q[KR]C[IMV][GDE]", "aa_position": 0.602203, "nucleotide_position": 6993}, {"regex": "[DSNIT]Y[AV][KSR][DE][GS]IQF[IMV][KR][ST]Q[AV]L", "aa_position": 0.606814, "nucleotide_position": 7047}, {"regex": "IQF[IMV][KR][ST]Q[AV]L[QKER][AV][KSR][DGE]TP", "aa_position": 0.60835, "nucleotide_position": 7065}, {"regex": "Y[KNTR][DGE][AST][MV][VSDN][AT][AV][ASVMT][SD]Y[AV][KEN][KNR]F", "aa_position": 0.612449, "nucleotide_position": 7113}, {"regex": "L[AKST][DE][SY][KR][DE][DN]I[LIMV][KR]YGLWG", "aa_position": 0.617059, "nucleotide_position": 7167}, {"regex": "[DE][DN]I[LIMV][KR]YGLWG[AITV]HT[AT]L", "aa_position": 0.61834, "nucleotide_position": 7182}, {"regex": "YGLWG[AITV]HT[AT]LYKSI[SGC]", "aa_position": 0.619621, "nucleotide_position": 7197}, {"regex": "LYKSI[CGS]ARLG[YSNHG]E[IT]AF", "aa_position": 0.621926, "nucleotide_position": 7224}, {"regex": "ARLG[YSNHG]E[IT]AFATL[AV][IV][KR]", "aa_position": 0.623463, "nucleotide_position": 7242}, {"regex": "AFATL[AV][IV][KR]WLAFGGE", "aa_position": 0.625256, "nucleotide_position": 7263}, {"regex": "[AV][IV][KR]WLAFGGE[ST][LIV][ASPTE]DH", "aa_position": 0.626537, "nucleotide_position": 7278}, {"regex": "KQ[AV]AT[GD]LVVYYIINR", "aa_position": 0.630635, "nucleotide_position": 7326}, {"regex": "LVVYYIINR[LP]Q[FY]PGD", "aa_position": 0.632172, "nucleotide_position": 7344}, {"regex": "IINR[LP]Q[FY]PGD[TV]ETQ[LQR]", "aa_position": 0.633453, "nucleotide_position": 7359}, {"regex": "Q[FY]PGD[TV]ETQ[RQL][DE]GR[KR][FY]", "aa_position": 0.634734, "nucleotide_position": 7374}, {"regex": "V[AV][GS][LP][LM][AV]SAL[AV]TYTYK", "aa_position": 0.638576, "nucleotide_position": 7419}, {"regex": "[AV]SAL[AV]TYTYK[SN]WN[CYHN][SN]", "aa_position": 0.639857, "nucleotide_position": 7434}, {"regex": "TYTYK[SN]WN[CYHN][SN][NY]L[SP]KI", "aa_position": 0.641137, "nucleotide_position": 7449}, {"regex": "WN[CHYN][SN][YN]L[SP]KIVEP[AV]LA", "aa_position": 0.642674, "nucleotide_position": 7467}, {"regex": "L[SP]KIVEP[AV]LATLPYA", "aa_position": 0.643955, "nucleotide_position": 7482}, {"regex": "ALKL[FV]APT[KR]LESVV[IM]", "aa_position": 0.648309, "nucleotide_position": 7533}, {"regex": "LESVV[IM]LSTAIYKTY", "aa_position": 0.650615, "nucleotide_position": 7560}, {"regex": "LSTAIYKTYLSI[GKR]RG", "aa_position": 0.652152, "nucleotide_position": 7578}, {"regex": "YKTYLSI[GKR]RG[KR]SDGL", "aa_position": 0.653432, "nucleotide_position": 7593}, {"regex": "RG[KR]SDGLLG[MITV]G[IV]SAA", "aa_position": 0.655482, "nucleotide_position": 7617}, {"regex": "SAA[MV]EIM[SP]QNP[AV]SVG", "aa_position": 0.658555, "nucleotide_position": 7653}, {"regex": "[AV]SVGI[AV]V[MR]LGVGAVA", "aa_position": 0.661373, "nucleotide_position": 7686}, {"regex": "V[MR]LGVGAVA[AT]HNA[IV]E", "aa_position": 0.66291, "nucleotide_position": 7704}, {"regex": "S[DE]Q[KR]R[IT]LLMKVFVKN", "aa_position": 0.667008, "nucleotide_position": 7752}, {"regex": "LLMKVFVKNF[WL]DQAA", "aa_position": 0.668545, "nucleotide_position": 7770}, {"regex": "FVKNF[WL]DQAA[ST]DEL[IV]", "aa_position": 0.669826, "nucleotide_position": 7785}, {"regex": "[WL]DQAA[ST]DEL[IV]KESPE", "aa_position": 0.671107, "nucleotide_position": 7800}, {"regex": "IMALFEA[LV]QT[IV]GNPL", "aa_position": 0.675461, "nucleotide_position": 7851}, {"regex": "EA[LV]QT[IV]GNPLRL[IV]YH", "aa_position": 0.676742, "nucleotide_position": 7866}, {"regex": "YGVFYKGW[GER][AP]KELAQ", "aa_position": 0.68084, "nucleotide_position": 7914}, {"regex": "KELAQ[KR]TAG[MR]N[LI]FTL", "aa_position": 0.683402, "nucleotide_position": 7944}, {"regex": "N[LI]FTL[LIV][IM]F[DE]AVELLG", "aa_position": 0.685963, "nucleotide_position": 7974}, {"regex": "[IM]F[DE]AVELLGV[DN][GS][DE]G[KR]", "aa_position": 0.6875, "nucleotide_position": 7992}, {"regex": "RQLS[GS]NYILE[LFR]L[CFYH]KF", "aa_position": 0.691598, "nucleotide_position": 8040}, {"regex": "NYILE[LFR]L[CFYH]KFRD[DSNRTG][IF][KR]", "aa_position": 0.692879, "nucleotide_position": 8055}, {"regex": "[DKQGE][LIMV][AV][IV][GS]WAPAP[ILF]SCDW", "aa_position": 0.697746, "nucleotide_position": 8112}, {"regex": "WAPAP[ILF]SCDW[ST][SP][AT][GD][GDN]", "aa_position": 0.699027, "nucleotide_position": 8127}, {"regex": "[ILF]SCDW[ST][SP][AT][GD][GDN]RIGLP", "aa_position": 0.700307, "nucleotide_position": 8142}, {"regex": "[ST][SP][AT][GD][GDN]RIGLP[HQR][DGSN][DSN][FY][LSRFPH]", "aa_position": 0.701588, "nucleotide_position": 8157}, {"regex": "[QR][MV]ET[KNR]C[SP]CGY[KR][MV]KA[AV]", "aa_position": 0.70543, "nucleotide_position": 8202}, {"regex": "C[SP]CGY[KR][MV]KA[AV]K[DASNT][SCR][ASDT]G", "aa_position": 0.706711, "nucleotide_position": 8217}, {"regex": "KA[AV]K[DASNT][SCR][ASDT]G[DAE][LFM][KR]LL[EV]E", "aa_position": 0.708504, "nucleotide_position": 8238}, {"regex": "LL[EV]E[GE]GS[FS][LFP]CRNKFG", "aa_position": 0.711322, "nucleotide_position": 8271}, {"regex": "GS[FS][LFP]CRNKFGRG[LS][PQHR]N", "aa_position": 0.712602, "nucleotide_position": 8286}, {"regex": "VT[KR]YY[DN][DE][DNY][LF][LSA]EI[KER]P[AV]", "aa_position": 0.716957, "nucleotide_position": 8337}, {"regex": "[GR][HQ]VEL[CY][HY][KR]G[ATV][ST][IF][KR]LD", "aa_position": 0.721824, "nucleotide_position": 8394}, {"regex": "[HY][KR]G[ATV][ST][IF][KR]LD[LF][DNT][NT][GS]KT", "aa_position": 0.723361, "nucleotide_position": 8412}, {"regex": "LATD[KR]WE[IV]D[HL]STL[AIV]R", "aa_position": 0.727459, "nucleotide_position": 8460}, {"regex": "D[HL]STL[AIV]R[AEV][LI][KN][GKR][HY]TG[AV]", "aa_position": 0.729508, "nucleotide_position": 8484}, {"regex": "TG[AV]G[CFY][NRHPQ]GAYLG[DE][KER]PN", "aa_position": 0.732582, "nucleotide_position": 8520}, {"regex": "HLI[QE]R[DE]CATITKDKV", "aa_position": 0.736936, "nucleotide_position": 8571}, {"regex": "[IF][LIV]K[LM]K[KSR]GCAFT[YN]DLS", "aa_position": 0.741035, "nucleotide_position": 8619}, {"regex": "GCAFT[YN]DLS[LI][HYR]NL[AIT]R", "aa_position": 0.742572, "nucleotide_position": 8637}, {"regex": "DLS[LI][HYR]NL[AIT]RLIELVH", "aa_position": 0.744109, "nucleotide_position": 8655}, {"regex": "NL[AIT]RLIELVH[KR][DN][DKN]L[DKE]", "aa_position": 0.745389, "nucleotide_position": 8670}, {"regex": "[SP][ASTV][AITV]T[GV]TTW[LP]AYTFVN", "aa_position": 0.750256, "nucleotide_position": 8727}, {"regex": "TTW[LP]AYTFVN[KE]D[MITV]GT", "aa_position": 0.751537, "nucleotide_position": 8742}, {"regex": "YTFVN[KE]D[ITMV]GTI[KR]P[AITV][LF]", "aa_position": 0.752818, "nucleotide_position": 8757}, {"regex": "[KE]D[MITV]GTI[KR]P[AITV][LF]GE[KR][IV][AT]", "aa_position": 0.754098, "nucleotide_position": 8772}, {"regex": "I[KR]P[AITV][LF]GE[KR][IV][AT][LP]E[VRKTME][QP]E", "aa_position": 0.755379, "nucleotide_position": 8787}, {"regex": "L[QR]P[AT]V[ATV]VD[AT][AT][DE][LAMV][AST][IV]T", "aa_position": 0.75999, "nucleotide_position": 8841}, {"regex": "[IV]T[MV][AV]G[GKE][ASNTG][LSPT][AITV]MTTG[GE][IT]", "aa_position": 0.76332, "nucleotide_position": 8880}, {"regex": "[AITV]MTTG[GE][IT][LP][AT][AITV][FC][AITV][RGSN][LS][GD]", "aa_position": 0.765369, "nucleotide_position": 8904}, {"regex": "[GD][LFSP][GDN][LSP][KR][DANSVIFG][QPR][PQHR][AV]L[KR]LG[LITV][GDE]", "aa_position": 0.768955, "nucleotide_position": 8946}, {"regex": "[QPR][PQHR][AV]L[KR]LG[LITV][DGE][DKQGE][GD][QE]YPG", "aa_position": 0.770492, "nucleotide_position": 8964}, {"regex": "Q[GKR][AV][GSR]L[LNRPHQ][DKE][AV][IV][QR][DGSN][AMV]D[GKE][SR]", "aa_position": 0.775102, "nucleotide_position": 9018}, {"regex": "[AV][IV][QR][DGSN][AMV]D[GKE][SR][AP]S[FV][LM][IMV]LG", "aa_position": 0.776895, "nucleotide_position": 9039}, {"regex": "D[GEK][SR][AP]S[FV][LM][IMV]LGSDK[AT]T", "aa_position": 0.778176, "nucleotide_position": 9054}, {"regex": "[LM][IMV]LGSDK[AT]T[FS][HSN]RV[KR]T", "aa_position": 0.779713, "nucleotide_position": 9072}, {"regex": "DK[AT]T[FS][HSN]RV[KR]T[AV][QKE][SN][EV][KR]", "aa_position": 0.780994, "nucleotide_position": 9087}, {"regex": "V[KR]T[AV][QKE][SN][EV][KR][IMV][FY]R[GS][KR][DN]P", "aa_position": 0.782787, "nucleotide_position": 9108}, {"regex": "[DN]P[LF]E[LV][KR][DKEN]M[IM][KR][IKR]G[QKR][IV]L", "aa_position": 0.786117, "nucleotide_position": 9147}, {"regex": "M[IM][KR][IKR]G[QKR][IV]L[IV][LIV][AS]L[CSR][KNR]V", "aa_position": 0.78791, "nucleotide_position": 9168}, {"regex": "[KNR]VD[DNKIMT][AGT][LP][LASVMG][KR][LF][IV]DYKG[ST]", "aa_position": 0.79124, "nucleotide_position": 9207}, {"regex": "[LP][LASVMG][KR][LF][IV]DYKG[ST]F[LP][ST]R[DEV]", "aa_position": 0.79252, "nucleotide_position": 9222}, {"regex": "YKG[ST]F[LP][ST]R[DEV][AT]LEALS", "aa_position": 0.794057, "nucleotide_position": 9240}, {"regex": "[LP][ST]R[DEV][AT]LEALSLG[KSR][LP][KN]", "aa_position": 0.795338, "nucleotide_position": 9255}, {"regex": "[IT][ST][KR][AKT][DE]A[QR][WC]L[LM][HCNR][HLP][DE][DSNGE][QK]", "aa_position": 0.799949, "nucleotide_position": 9309}, {"regex": "A[QR][WC]L[LM][CNHR][HPL][DE][DSNGE][QK][LAVITM][GE]ELP", "aa_position": 0.80123, "nucleotide_position": 9324}, {"regex": "[RHCN][HLP][DE][DSNGE][QK][LAVIMT][GE]ELPDW[FS][AETV]A", "aa_position": 0.80251, "nucleotide_position": 9339}, {"regex": "[GE]ELPDW[FS][AETV]A[RKTGE][AKE]P[IV]FL", "aa_position": 0.804047, "nucleotide_position": 9357}, {"regex": "W[FS][AETV]A[RKTGE][AKE]P[IV]FL[DE]A[SN][IT]K", "aa_position": 0.805328, "nucleotide_position": 9372}, {"regex": "[LY][HY]LVGDI[AD][ANT][IV]KEKAK", "aa_position": 0.809939, "nucleotide_position": 9426}, {"regex": "[IV]KEKAK[QR][LM]GAT[GD][ST]T[KR]", "aa_position": 0.812244, "nucleotide_position": 9453}, {"regex": "GAT[GD][ST]T[KR][IV][ST]K[KEV][IV]G[AET]K", "aa_position": 0.814293, "nucleotide_position": 9477}, {"regex": "[IV][ST]K[KEV][IV]G[AET]KVY[ST]M[KR]LS", "aa_position": 0.816086, "nucleotide_position": 9498}, {"regex": "G[AET]KVY[ST]M[KR]LS[SN]W[AMV][LVITM][QP]", "aa_position": 0.817367, "nucleotide_position": 9513}, {"regex": "[ST]M[KR]LS[SN]W[AMV][LVITM][QP][EV][KE][DSN][KR][QR]", "aa_position": 0.818648, "nucleotide_position": 9528}, {"regex": "PLFEE[LI][LM][LQHR]QCPPGG[QR]", "aa_position": 0.823514, "nucleotide_position": 9585}, {"regex": "HM[AV][SPT][AV]YQ[LM][AT]QGNW[VIMT]P", "aa_position": 0.828381, "nucleotide_position": 9642}, {"regex": "QGNW[VIMT]P[ISTV][DSNGC]C[HQ]V[LF]MGT", "aa_position": 0.830686, "nucleotide_position": 9669}, {"regex": "MGT[IV][SP]A[KR]R[AIT]K[IT][HY]PYE", "aa_position": 0.83376, "nucleotide_position": 9705}, {"regex": "K[IT][HY]PYEA[FY][IV][KR]L[KR]EL[LIV]", "aa_position": 0.836066, "nucleotide_position": 9732}, {"regex": "EA[FY][IV][KR]L[KR]EL[LIV][DE]E[HYR]K[IM]", "aa_position": 0.837346, "nucleotide_position": 9747}, {"regex": "L[KR]EL[LIV][DE]E[HYR]K[IM][KR][AT][LISF][SCY][SRPHG]", "aa_position": 0.838627, "nucleotide_position": 9762}, {"regex": "E[HYR]K[IM][KR][AT][SLIF][SCY][SRPHG][GS][ASPL][SGN]L[SRQGC][KR]", "aa_position": 0.840164, "nucleotide_position": 9780}, {"regex": "N[DE]W[IV][MITV][HGSR]K[IV][KR][HYR][QH]G[DN]LR", "aa_position": 0.844262, "nucleotide_position": 9828}, {"regex": "K[IV][KR][HYR][HQ]G[DN]LRT[KNR][HY][LM]LN", "aa_position": 0.845799, "nucleotide_position": 9846}, {"regex": "G[DN]LRT[KNR][HY][LM]LNPGK[IV][AV]", "aa_position": 0.84708, "nucleotide_position": 9861}, {"regex": "[HY][LM]LNPGK[IV][AV]E[QL]L[YDLHC]R[GE]", "aa_position": 0.848617, "nucleotide_position": 9879}, {"regex": "[KR][YNRKH][IN]VYNK[AIT]I[CGS]SV[LM][AT]A", "aa_position": 0.852971, "nucleotide_position": 9930}, {"regex": "NK[AIT]I[CGS]SV[LM][AT]A[NT]G[IS]RL", "aa_position": 0.854252, "nucleotide_position": 9945}, {"regex": "SV[LM][AT]A[NT]G[IS]RL[DKE]KLPV", "aa_position": 0.855533, "nucleotide_position": 9960}, {"regex": "G[IS]RL[DKE]KLPVVRAQTD", "aa_position": 0.85707, "nucleotide_position": 9978}, {"regex": "KLPVVRAQTD[PT][AIT][SN][FS]H", "aa_position": 0.85835, "nucleotide_position": 9993}, {"regex": "QAIR[DN]K[IT][GD][KE][DE][EV]N[LP]QT", "aa_position": 0.862193, "nucleotide_position": 10038}, {"regex": "N[LP]QTP[GD][LM]HKK[LI][AIM][GE][AFV]F", "aa_position": 0.86501, "nucleotide_position": 10071}, {"regex": "[LM]HKK[LI][AIM][GE][AFV]F[YSNKT]AL[KR][QR]P", "aa_position": 0.866547, "nucleotide_position": 10089}, {"regex": "[AFV]F[YSNKT]AL[KR][QR]P[DE][LF]E[AS][ST]YD", "aa_position": 0.86834, "nucleotide_position": 10110}, {"regex": "YD[AV]V[DAGE]W[GE][KE][LM][DE][QKR]G[IT][IN]R", "aa_position": 0.87167, "nucleotide_position": 10149}, {"regex": "W[GE][KE][LM][DE][QKR]G[IT][IN]RKGAAG", "aa_position": 0.872951, "nucleotide_position": 10164}, {"regex": "G[IT][IN]RKGAAGFFE[HR][KR][ISN]", "aa_position": 0.874488, "nucleotide_position": 10182}, {"regex": "GAAGFFE[HR][KR][ISN][IV][WG]E[IV]L", "aa_position": 0.875768, "nucleotide_position": 10197}, {"regex": "LD[LS]E[KR][DYSNH][KR][IV]EE[IV]I[DE][DSN]L", "aa_position": 0.879355, "nucleotide_position": 10239}, {"regex": "R[CGSN]I[QKR]Y[CY]ETA[LI]PKNEK", "aa_position": 0.883965, "nucleotide_position": 10293}, {"regex": "ETA[LI]PKNEKR[GDV]VNDD", "aa_position": 0.885502, "nucleotide_position": 10311}, {"regex": "G[GD][LF]V[DE][GE]K[KR]PRVIQYP", "aa_position": 0.890113, "nucleotide_position": 10365}, {"regex": "K[KR]PRVIQYPEAK[AT]RL", "aa_position": 0.89165, "nucleotide_position": 10383}, {"regex": "IQYPEAK[AT]RLAITKV", "aa_position": 0.89293, "nucleotide_position": 10398}, {"regex": "LAITKVM[FY]KWVKQKP", "aa_position": 0.895236, "nucleotide_position": 10425}, {"regex": "VM[FY]KWVKQKPVVI[SP]G", "aa_position": 0.896516, "nucleotide_position": 10440}, {"regex": "KQKPVVI[SP]GY[AE]GKTP", "aa_position": 0.898053, "nucleotide_position": 10458}, {"regex": "VI[SP]GY[AE]GKTPLF[QK][IV]F", "aa_position": 0.899334, "nucleotide_position": 10473}, {"regex": "GKTPLF[QK][IV]FD[KR]V[KER][KR]E", "aa_position": 0.900871, "nucleotide_position": 10491}, {"regex": "F[QK][IV]FD[KR]V[KER][KR]EW[DN]QF[QR]", "aa_position": 0.902152, "nucleotide_position": 10506}, {"regex": "PVAV[FS]FDTKAW[DN]T[QR][IV]", "aa_position": 0.90625, "nucleotide_position": 10554}, {"regex": "FDTKAW[DN]T[QR][IV]T[AT][GKNR]DL", "aa_position": 0.907531, "nucleotide_position": 10569}, {"regex": "DIQK[FY]YFKK[KR]WH[KR]FI", "aa_position": 0.912398, "nucleotide_position": 10626}, {"regex": "YFKK[KR]WH[KR]FID[AT]LT[MLKT]", "aa_position": 0.913678, "nucleotide_position": 10641}, {"regex": "HM[AST]EV[LP]V[IV][CST][AT][DE]GE[LIV]Y", "aa_position": 0.91752, "nucleotide_position": 10686}, {"regex": "GE[LIV]Y[IV]R[KR]GQRGSGQP", "aa_position": 0.920338, "nucleotide_position": 10719}, {"regex": "GQRGSGQPDT[IS]AGNS", "aa_position": 0.922131, "nucleotide_position": 10740}, {"regex": "GQPDT[IS]AGNS[KM]LNVL", "aa_position": 0.923412, "nucleotide_position": 10755}, {"regex": "LNVL[ST]M[IV]Y[AT]FCEATG", "aa_position": 0.92623, "nucleotide_position": 10788}, {"regex": "FCEATGVPYKSF[DN]RV", "aa_position": 0.928535, "nucleotide_position": 10815}, {"regex": "RVAKIHVCGDDG[LF]L[IV]", "aa_position": 0.931865, "nucleotide_position": 10854}, {"regex": "DDG[LF]L[IV]T[GE][KR]ALGEKF", "aa_position": 0.93417, "nucleotide_position": 10881}, {"regex": "V[QR][IV]LYEAGKPQKI[IT]E", "aa_position": 0.939037, "nucleotide_position": 10938}, {"regex": "EAGKPQKI[IT]EG[DE][KNR]MK", "aa_position": 0.940318, "nucleotide_position": 10953}, {"regex": "MK[LV]AYQFDD[LI]EFCSH", "aa_position": 0.943648, "nucleotide_position": 10992}, {"regex": "VR[WG]SDNT[AS][GST]Y[LM]PG[KR]N", "aa_position": 0.948514, "nucleotide_position": 11049}, {"regex": "NT[AS][GST]Y[LM]PG[KR]NT[AST]TIL", "aa_position": 0.949795, "nucleotide_position": 11064}, {"regex": "PG[KR]NT[AST]TILAKMATR", "aa_position": 0.951332, "nucleotide_position": 11082}, {"regex": "TILAKMATRL[DN]SSGE", "aa_position": 0.952869, "nucleotide_position": 11100}, {"regex": "MATRL[DN]SSGE[KR]GT[IV][AS]", "aa_position": 0.95415, "nucleotide_position": 11115}, {"regex": "AVAF[QSN][LF]LL[MT][DY]SWNPL", "aa_position": 0.95876, "nucleotide_position": 11169}, {"regex": "[DY]SWNPL[IV][KR][KR][IV][SC]LLVL", "aa_position": 0.961066, "nucleotide_position": 11196}, {"regex": "L[IV][KR][KR][IV][SC]LLVL[ST]TE[MLP][QL]", "aa_position": 0.962346, "nucleotide_position": 11211}, {"regex": "PG[KR]S[AIT][IT]Y[CY][FY]E[GR]DP[IT]S", "aa_position": 0.966701, "nucleotide_position": 11262}, {"regex": "Y[CY][FY]E[GR]DP[IT]SA[HY][KR]E[DV][IV]", "aa_position": 0.968238, "nucleotide_position": 11280}, {"regex": "SA[HY][KR]E[DV][IV][GS][HR]N[LF][LFS]DL[KR]", "aa_position": 0.970287, "nucleotide_position": 11304}, {"regex": "DL[KR][KR]T[GSN][LF][DE]KLA[KR]LNL", "aa_position": 0.973361, "nucleotide_position": 11340}, {"regex": "[LF][DE]KLA[KR]LNL[SN]MS[ITV]L[GR]", "aa_position": 0.974898, "nucleotide_position": 11358}, {"regex": "WT[KR]HTSKR[LI]LQDC[IV][DN]", "aa_position": 0.978996, "nucleotide_position": 11406}, {"regex": "EGNW[LP]VNA[HD][GSR]LVS[GSN]K", "aa_position": 0.983863, "nucleotide_position": 11463}, {"regex": "VNA[HD][GSR]LVS[GSN]K[PT]G[DN][KSR][HY]", "aa_position": 0.985143, "nucleotide_position": 11478}, {"regex": "S[GSN]K[PT]G[DN][KSR][HY][LVIMT]PG[DE][AG]HT", "aa_position": 0.986936, "nucleotide_position": 11499}, {"regex": "PG[DE][AG]HT[RQL]QG[ASRIKT]HYEEL", "aa_position": 0.989242, "nucleotide_position": 11526}, {"regex": "T[LQR]QG[ASRIKT]HYEEL[AVIMT]L[ATV][KR][KR]", "aa_position": 0.990523, "nucleotide_position": 11541}, {"regex": "[DSN][LF][QKEV]G[AST]D[IR]Y[DKN]L[GC]P[LIM]V[DN]", "aa_position": 0.995133, "nucleotide_position": 11595}, {"regex": "D[IR]Y[DKN]L[GC]P[LIM]V[DN][LIMV]VLRR", "aa_position": 0.996414, "nucleotide_position": 11610}, {"regex": "R[LM][KR][IV][LMV][LIM]M[AT][LF][IM][GR][GKTR][GR][ATV][x]", "aa_position": 1, "nucleotide_position": 11652}]}