{"2A": [{"regex": "[DLASVFIT][WYLASFMC][DSNK][YLSFC][DANGE]LL[RKMQE][LM][AS]GD[IMV][GE][FSPT]", "aa_position": 0, "nucleotide_position": 0}, {"regex": "[YLSFC][DANGE]LL[RKMQE][LM][AS]GD[IMV][GE][FSPT]N[LP]G", "aa_position": 1, "nucleotide_position": 9}], "2B": [{"regex": "[QP][LFY][FS]F[AST][GD][IV]R[ASET]NF[AKST][QKR]L[AV]", "aa_position": 0, "nucleotide_position": 0}, {"regex": "[DSN][SQKN][IM]Q[DNVHQE]D[IMV][AS]T[KR]HGP[DN]F", "aa_position": 0.129496, "nucleotide_position": 54}, {"regex": "D[IMV][AS]T[KR]HGP[DN]F[DANSKH]RLV[ASIFT]", "aa_position": 0.165468, "nucleotide_position": 69}, {"regex": "HGP[DN]F[DASNKH]RLV[ASIFT][AT]FE[EN][WLM]", "aa_position": 0.201439, "nucleotide_position": 84}, {"regex": "V[KNR][AHV]I[KR][DANTE]GLD[DE][AD][KR]PWY", "aa_position": 0.330935, "nucleotide_position": 138}, {"regex": "GLD[DE][AD][KR]PWYK[LIV][IV][KR][LI]L", "aa_position": 0.374101, "nucleotide_position": 156}, {"regex": "[AR]LS[SCR][MT][AT][AT]VA[AV]RS[QK]DP", "aa_position": 0.489209, "nucleotide_position": 204}, {"regex": "VA[AV]RS[QK]DP[LIV]LV[AE][NVIKT]ML", "aa_position": 0.539568, "nucleotide_position": 225}, {"regex": "[NVIKT]ML[AG]DTGL[QE]I[LP][AD]STF", "aa_position": 0.625899, "nucleotide_position": 261}, {"regex": "TGL[QE]I[LP][AD]STF[IV]V[KR]K[ISV]", "aa_position": 0.661871, "nucleotide_position": 276}, {"regex": "[LP][AD]STF[IV]V[KR]K[ISV][AST]D[ASMPT]LS", "aa_position": 0.697842, "nucleotide_position": 291}, {"regex": "K[ISV][AST]D[ASPMT]LS[GSN][LIFV]FHV[AP]AP", "aa_position": 0.755396, "nucleotide_position": 315}, {"regex": "[FS][GR]?[ASVTE]P[DLASVIMT][LM][LMV][AS]G[LF]VK[LIAV]AS", "aa_position": 0.884892, "nucleotide_position": 369}, {"regex": "[LF][LF][QR][CST][AT][ASP][GE][DE][LP][AE][KSR][AQ][GEK]KQ", "aa_position": 1, "nucleotide_position": 417}], "2C": [{"regex": "[LI][KR][AT][WR]D[IKV]ND[IV][LF][AT][IV]L[KR]N", "aa_position": 0, "nucleotide_position": 0}, {"regex": "NGEW[LP]VKLILAIRD[WL]", "aa_position": 0.046205, "nucleotide_position": 42}, {"regex": "VKLILAIRD[WL][LIV]K[AET]W[IV]", "aa_position": 0.062706, "nucleotide_position": 57}, {"regex": "AIRD[WL][LIV]K[AET]W[IV][AST][ASP]EE[KR]", "aa_position": 0.079208, "nucleotide_position": 72}, {"regex": "[AT][DN]L[AV]P[HGSR]IL[GE][SKCR]Q[PQHR][DNE]L[DYSNH]", "aa_position": 0.141914, "nucleotide_position": 129}, {"regex": "[HGSR]IL[GE][CKSR]Q[HQPR][DEN]L[DYSNH][GD]P[AGSN][KR]Y", "aa_position": 0.158416, "nucleotide_position": 144}, {"regex": "L[DYSNH][GD]P[AGSN][KR]Y[SRKTHEQ][DAGE][AS]K[GQKE]WL[DEN]", "aa_position": 0.184818, "nucleotide_position": 168}, {"regex": "K[QGEK]WL[DEN][SNTHG][ATV]R[QEL][ATV]CL[KE][SNV]G", "aa_position": 0.217822, "nucleotide_position": 198}, {"regex": "CL[KE][VSN]GN[AVITH][HCYN][IV]A[SN]LC[KR][AV]", "aa_position": 0.250825, "nucleotide_position": 228}, {"regex": "P[SN][KER][SPT][GR]P[DE]PVV[LIV]CLRG", "aa_position": 0.313531, "nucleotide_position": 285}, {"regex": "PVV[LIV]CLRG[KR]SG[QT][GR]KS", "aa_position": 0.336634, "nucleotide_position": 306}, {"regex": "LRG[KR]SG[QT][GR]KS[IF][LI][AS][DN]V", "aa_position": 0.353135, "nucleotide_position": 321}, {"regex": "G[QT][GR]KS[IF][LI][AS][DN]V[LI]AQ[AE][IV]", "aa_position": 0.369637, "nucleotide_position": 336}, {"regex": "TG[SIKR][ITV][DN]SVWYCPPD[LP]D", "aa_position": 0.432343, "nucleotide_position": 393}, {"regex": "SVWYCPPD[LP]DHFDGY", "aa_position": 0.448845, "nucleotide_position": 408}, {"regex": "PPD[LP]DHFDGY[SN][QR]Q[ATV][LAV]", "aa_position": 0.465347, "nucleotide_position": 423}, {"regex": "MDDLG[QH]NPDG[KR]D[FS]KY", "aa_position": 0.521452, "nucleotide_position": 474}, {"regex": "NPDG[KR]D[FS]KYFA[QH]MVS", "aa_position": 0.541254, "nucleotide_position": 492}, {"regex": "KYFA[QH]MVSTTG[FV][IV]PP", "aa_position": 0.564356, "nucleotide_position": 513}, {"regex": "MVSTTG[FV][IV]PPM[AT]SL[GKDE]", "aa_position": 0.580858, "nucleotide_position": 528}, {"regex": "G[FV][IV]PPM[AT]SL[DGEK]DKG[KNR]P", "aa_position": 0.59736, "nucleotide_position": 543}, {"regex": "M[AT]SL[DGEK]DKG[KNR]P[LF][SDTN]S[KR]V", "aa_position": 0.613861, "nucleotide_position": 558}, {"regex": "S[KR]V[IF][IV][AT]T[ST]N[LM]Y[AS]GFT", "aa_position": 0.653465, "nucleotide_position": 594}, {"regex": "GFTP[KR][NT]M[MV]CPDAL[SN]R", "aa_position": 0.693069, "nucleotide_position": 630}, {"regex": "[NT]M[MV]CPDAL[SN]RRFH[FV]D", "aa_position": 0.709571, "nucleotide_position": 645}, {"regex": "DAL[SN]RRFH[FV]D[LI][GD][LV][CSNT][AV]", "aa_position": 0.726073, "nucleotide_position": 660}, {"regex": "RFH[FV]D[LI][GD][LV][CSTN][AV][KR][GDEN][GE][FY][KTR]", "aa_position": 0.742574, "nucleotide_position": 675}, {"regex": "LD[IV][INTV][KR][AV]LED[ANT][HY][PAT][DKNT][ASPL][APV]", "aa_position": 0.805281, "nucleotide_position": 732}, {"regex": "LED[ANT][HY][PAT][DKNT][ASPL][APV]AMF[NRHKQ]YD", "aa_position": 0.825083, "nucleotide_position": 750}, {"regex": "[APV]AMF[NRHKQ]YDCAL[LI]NG[MLST]A", "aa_position": 0.851485, "nucleotide_position": 774}, {"regex": "YDCAL[LI]NG[LSMT]A[IV][DE][LM][KR]R", "aa_position": 0.867987, "nucleotide_position": 789}, {"regex": "NG[LSMT]A[IV][DE][LM][KR]R[LMV][QR]Q[CDN][LVITM]F", "aa_position": 0.887789, "nucleotide_position": 807}, {"regex": "[DE][LM][KR]R[LMV][QR]Q[CDN][LVITM]F[ANSRKTE][AP][RQHL][ALSPQE][SP]", "aa_position": 0.90429, "nucleotide_position": 822}, {"regex": "YQL[IV][QDH][KE][AV][IV][QDEV][QR]V[DANSKE][LFH]H[DGEK]", "aa_position": 0.966997, "nucleotide_position": 879}, {"regex": "V[DASNKE][HFL]H[DGKE][KR][AIV][ASL][DASNRG][HYQR][LSQP]I[FV]K[QL]", "aa_position": 1, "nucleotide_position": 909}], "3A": [{"regex": "[IV]S[LITV]P[ST][QR][KR][HSAT]VLY[FS]LI[GKE]", "aa_position": 0, "nucleotide_position": 0}, {"regex": "VLY[FS]LI[GKE][KR][AG]QH[DE]AA[IV]", "aa_position": 0.057971, "nucleotide_position": 24}, {"regex": "[KR][AG]QH[DE]AA[IV][DE]F[SFY][DE]G[LKMV]V", "aa_position": 0.108696, "nucleotide_position": 45}, {"regex": "AA[IV][DE]F[FSY][DE]G[LKMV]V[HSCR][DEN]S[LITV][KR]", "aa_position": 0.144928, "nucleotide_position": 60}, {"regex": "[DE]G[LKMV]V[HSCR][DEN]S[LITV][KR][DE]E[LP][QKR]P[LF]", "aa_position": 0.188406, "nucleotide_position": 78}, {"regex": "TS[LF][AMV][QKR][CR][AGTV]F[KR]RL[KR][DAE][IN]F", "aa_position": 0.318841, "nucleotide_position": 132}, {"regex": "[CR][AGTV]F[KR]RL[KR][ADE][IN]FE[LVIMT][AIV][ATV]L", "aa_position": 0.355072, "nucleotide_position": 147}, {"regex": "[IN]FE[LVITM][AIV][ATV]L[SICV][LMV][ATV]L[LM][AV][SN][IM]", "aa_position": 0.413043, "nucleotide_position": 171}, {"regex": "L[LM][AV][SN][IM][AIV][ITV][IMT][LVIFT][HR][DAKQGE][AST][HCNR][KSR]R", "aa_position": 0.485507, "nucleotide_position": 201}, {"regex": "[ITV][MT][LVIFT][HR][DAKQGE][AST][CHNR][KSR]R[YRHKQ][LNRKQE][ISMT][LMV][DEN][DANGE]|I[IM][IV]RET[HR]KRQ[QK]M?V?D?[DN]?", "aa_position": 0.528986, "nucleotide_position": 219}, {"regex": "[DGEN][CHY][INT][DGKE][KTR][PATV][SGDN][INTV][AT][AT][DE][GDEN][RKTQE]T[LIF]", "aa_position": 0.65942, "nucleotide_position": 273}, {"regex": "ANIT[AT]D[GD]QTLDEAEK|[AT]?[GN]?[IV]?T?T?[GD]D[IQKT]TL[GDEN]EAEK|[AV]NIT[AT]DDKTLDEAEK|DDITLGEAEK|NDITL[DN]HEEK|A?N?I?T?T?[GD]D[IK]TL[GE][DE]AE[KN]|A?[GN]?[IV]?T?T?[GD]D[QKV]TL[GD][DE]AE[KN]|A[GN][IV]TTDDKTLDEAEK|[GN][GD]TTL[GD][HD][AE]EK", "aa_position": 0.695652, "nucleotide_position": 288}, {"regex": "[DNGE]?[DN][VIKTQ]TL[SGDE][HDE][AE]E[KNET][DSN]P[RQL]E[TV]|[SGDN][GDEN][RVIKTQE][AT][ILFP][DASNGE][DKHGE][PAET][AGE][KNER][SN][HP][LQR][GE][DAVIT]", "aa_position": 0.731884, "nucleotide_position": 303}, {"regex": "[DSN][HP][RQL][GE][DAVIT][SNVIT][DASNG][ARVKT][ASNIPT][AIT][ASVFIT][GV]F[KTR][GKE]", "aa_position": 0.804348, "nucleotide_position": 333}, {"regex": "[SNTV][DGSN][AKTV][SNPT][AIT][AFTV]GF[TR]E[IKMR][ASNVIKPT][LSFPTH][ASRPT][DRGE]?|[SNTV][AGD][AK][SPN][AT]VGFRE[IKR][ASKPTE][LFP][APT][GER]?|SG[AT]S[AT][TV]GFRE[MR][AP][LT][NPT][GE]|[SNT]G[AT]ST[AV]GFRE[KR][AT][LP]PG?|[STN]G[AT]S[AT][TV][GV]FRE[IKR][PT][LT][PT][GE]|VDKPTVGFRKRELPG|[ISTN][SGD][AVRKT][ASIPT][AT][AISV]GF[KR][GE][KR][ASVIKT][HSPL][LSPTH][NRGE]?", "aa_position": 0.84058, "nucleotide_position": 348}, {"regex": "[ATV]GFRE[KMR][PAST][LP][APT][GE][HYQR][ARKTE][ATV][CGSR][DEN]|[ITV]GFRE[IKR][ASVIKPT][LSFPT][APT][DRGE]?[HYQR][AVRKE][ASVTMP][DSRGC]?[GDEN]|VGFRE[KR][ASKTPE][LP][PAT][GER][QHR][NRKTGE]?[ATV]?[SVRGC]?[DNGE]?|VGFRERVPPGQKPDD", "aa_position": 0.876812, "nucleotide_position": 363}, {"regex": "[DSNKE][ASPT]EP[AITV][DVRHKTQE][LSRFPT][DLASVITGE][DRTGE][DKGE]?[RHKQE][SP][QKHR][AT]E|[GKDN][SFYT]EP[AETV][YVHKQE][LSVTP][AVKTGE]?[DGE][GE]?[QKY]P[QKH]AE|[KN][ST]EP[AETV][QKE][PT][AV][ER]E?[QK]PQ[AV]E|[DSN][ASFPT]EP[AETV][CDNRKQE][SPV][DAVTGE][DRTGE][DGE]?[QKR]P[QR]AE|[KN]SEP[AITV][RHKQE][PR][DAVE]?[DRTGE][DKGE]?[QKR]P[QR]AE|[DSN][ASYT]EP[ATV][RHKQE][PT][AVKMG][DGE][DE]?[QKEH]P[QH]AE|[DSN][YASPT]EP[AETV][VRKTHGEQ][LSRVTP][DLASVRKTGE]?[DRTGE][DGE]?[QKER]P[QHR][AV]E|NSEPAKPVEEQPQVE|[KN]SEP[AT][QE]P[TV]EEQPQAE|[NY]SEP[AV]K[SP]VEEQPQAE", "aa_position": 1, "nucleotide_position": 414}], "3B1": [{"regex": "[GE]P[CY][ANSVITG][GR][LSAP][LFMV][DE][HR][QR][RIKQE][PT][LM]?[QKER][LV]", "aa_position": 0, "nucleotide_position": 0}, {"regex": "[HR][QR][RIKQE][PT][LM]?[QKER][LV][KCR][ADTV][NRKTE][LFQP]P[ALRHKQ][ARHTPQ]E", "aa_position": 1, "nucleotide_position": 24}], "3B2": [{"regex": "[GEV]PY[ATV]G[LP][LIMV][DEV][KR][QL][QKR]P[LP][KR][LMV]", "aa_position": 0, "nucleotide_position": 0}, {"regex": "[QL][QKR]P[LP][KR][LMV][KR][AVMTE][SKNR][ALNVPT][SP][AV][AVIM]?[KR]E", "aa_position": 1, "nucleotide_position": 27}], "3B3": [{"regex": "GPY[DGE]G[LP][AMV][KNR][KTR][LP][AV][ASTV]L[KR][LV]", "aa_position": 0, "nucleotide_position": 0}, {"regex": "[AV][ASTV]L[KR][LV][KR][AETV][KR]R?[ASNPT][ALVIPM]I[IV]TE", "aa_position": 1, "nucleotide_position": 30}], "3C": [{"regex": "[ST]G[ASC]PPTDLQ[KR][LM]V[SM][AGSN][DN]", "aa_position": 0, "nucleotide_position": 0}, {"regex": "PVEL[INMV][LP]DG[KR][IT][AIV][AV][LIV]CC", "aa_position": 0.085, "nucleotide_position": 51}, {"regex": "[LP]DG[KR][IT][AIV][AV][LIV]CCA[AT]GVF", "aa_position": 0.11, "nucleotide_position": 66}, {"regex": "CCA[AT]GVF[GS]T[AT][SY]LVPR", "aa_position": 0.15, "nucleotide_position": 90}, {"regex": "VF[GS]T[AT][SY]LVPRHL[FS][AT][DE]", "aa_position": 0.175, "nucleotide_position": 105}, {"regex": "LVPRHL[FS][AT][DE][KNR][HY]D[KR][IV]M", "aa_position": 0.205, "nucleotide_position": 123}, {"regex": "L[FS][AT][DE][KNR][HY]D[KR][IV]M[LIV][GDE]GR[ATV]", "aa_position": 0.23, "nucleotide_position": 138}, {"regex": "D[FY]R[LV]FE[LF]E[IV][KNR]V[KR][GR][QT][DGEN]", "aa_position": 0.325, "nucleotide_position": 195}, {"regex": "[DR][AG][AT][LH][WIM][LV]L[HN][STR]G[QN][CR][MV]RD", "aa_position": 0.42, "nucleotide_position": 251}, {"regex": "L[HN][STR]G[QN][CR][MV]RD[LI]T[GAKR]HFR", "aa_position": 0.45, "nucleotide_position": 267}, {"regex": "[CR][MV]RD[LI]T[GAKR]HFRD[QATV][AMV][KR][LMV]", "aa_position": 0.475, "nucleotide_position": 282}, {"regex": "KG[ASTN][SP][IV]VG[IV][IV][HN]NAD[AIVR][WG]", "aa_position": 0.555, "nucleotide_position": 330}, {"regex": "VG[IV][IV][HN]NAD[RAIV][WG]RL[IV][LF]S", "aa_position": 0.58, "nucleotide_position": 345}, {"regex": "NAD[RAIV][WG]RL[IV][LF]SG[DEV]ALT", "aa_position": 0.605, "nucleotide_position": 360}, {"regex": "ALTYKD[LVIMT]V[IV][CR][IM]DG[GD][AT]", "aa_position": 0.665, "nucleotide_position": 396}, {"regex": "V[IV][CR][IM]DG[GD][AT]MPGLFAY", "aa_position": 0.7, "nucleotide_position": 417}, {"regex": "T[KR][ASV]GYCG[AG][AS][IV]L[ATV]K[SD][GR]", "aa_position": 0.79, "nucleotide_position": 471}, {"regex": "[GR][AST][DNKQE][AT][FV][IV][LIV]GTHSAG[AG][NR]", "aa_position": 0.86, "nucleotide_position": 513}, {"regex": "GTHSAG[AG][NR]V?[GE][LIV][GD][YT][CV][HS]", "aa_position": 0.895, "nucleotide_position": 534}, {"regex": "[CV][HS][CV][LIFV][SP][GKR][SP][MV]L[DLFMQ][QKR][IM]K[ATV]H", "aa_position": 0.96, "nucleotide_position": 571}, {"regex": "L[DLFMQ][QKR][IM]K[ATV]H[LITV]DP[AEP]P[HYQ][HNT]E", "aa_position": 1, "nucleotide_position": 594}], "3D": [{"regex": "GL[IV][LIMV][GDN][IT][KR][DE][AV]E[DE][HR]VH[IV]", "aa_position": 0, "nucleotide_position": 0}, {"regex": "E[DE][HR]VH[IV][MT]R[KR]TK[LF][ASTV]PT", "aa_position": 0.01978, "nucleotide_position": 27}, {"regex": "[IV][MT]R[KR]TK[LF][ASTV]PT[AIV]A[HYR]G[AV]", "aa_position": 0.030769, "nucleotide_position": 42}, {"regex": "PT[AIV]A[HYR]G[AV][LF][DASNKQ]P[DAQGE][FY]GPA", "aa_position": 0.048352, "nucleotide_position": 66}, {"regex": "GPA[AV]LS[DSN][NRKQG][GD][LKSP]RL[DYSNHG][DGE]G", "aa_position": 0.074725, "nucleotide_position": 102}, {"regex": "[DGE]G[IV][AISV]LD[DE][ATV]I[LF][AS]KHK[GE]", "aa_position": 0.103297, "nucleotide_position": 141}, {"regex": "M[PAST][DLASVKPGE][AE]D[KR][ARVKTE]L[FY]R[LARIMTHC]C[AT]AD", "aa_position": 0.142857, "nucleotide_position": 195}, {"regex": "[ARVKTE]L[FY]R[ALRIMTHC]C[AT]ADY[AT]S[HQR]LH", "aa_position": 0.156044, "nucleotide_position": 213}, {"regex": "C[AT]ADY[AT]S[HQR]LH[CGSN][AEV]LG[ALRIMT]", "aa_position": 0.167033, "nucleotide_position": 228}, {"regex": "[AT]S[HQR]LH[CGSN][AEV]LG[LARITM][ASTV]N[ASTQG]P[LM]", "aa_position": 0.178022, "nucleotide_position": 243}, {"regex": "A[IV]K[AGV][IV][DE]GLDA[MV]E[SP]DT", "aa_position": 0.21978, "nucleotide_position": 300}, {"regex": "GLDA[MV]E[SP]DT[AR]PGLP[WG]", "aa_position": 0.232967, "nucleotide_position": 318}, {"regex": "T[AR]PGLP[WG][AS][ILFT][QR]G[KR]RRG", "aa_position": 0.250549, "nucleotide_position": 342}, {"regex": "[QR]G[KR]RRG[ATV]L[IV][DN]FE[DSNKT][AG][AIT]", "aa_position": 0.27033, "nucleotide_position": 369}, {"regex": "G[ATV]L[IV][DN]FE[DSNKT][AG][AIT][AIV]G[SPT][DE][IV]", "aa_position": 0.281319, "nucleotide_position": 384}, {"regex": "FE[DSNKT][AG][AIT][AIV]G[SPT][DE][IV][DASTQE][DASKTQE][AV]L[DRKQE]", "aa_position": 0.292308, "nucleotide_position": 399}, {"regex": "[LF][LIM][DGE][ASNRKTE][QKR][DNKQE][FY][NRKTE]F[AVITG][SC]Q[AT]FL", "aa_position": 0.325275, "nucleotide_position": 444}, {"regex": "[DNKQE][FY][NRKTE]F[AVITG][SC]Q[AT]FLKDE[IV]R", "aa_position": 0.336264, "nucleotide_position": 459}, {"regex": "[SC]Q[AT]FLKDE[IV]R[SP][LIM][DAGE]K[IV]", "aa_position": 0.347253, "nucleotide_position": 474}, {"regex": "[ASV][GD]KT[HR]IVDVLP[IV]EH[ITV]", "aa_position": 0.382418, "nucleotide_position": 522}, {"regex": "IVDVLP[IV]EH[ITV][LI]YT[KMR][IM]", "aa_position": 0.393407, "nucleotide_position": 537}, {"regex": "FCA[QNH][IM]H[LASMT][SN][SN]GP[LQHR][IT]G[ST]", "aa_position": 0.435165, "nucleotide_position": 594}, {"regex": "[SN][SN]GP[LQHR][IT]G[ST][AT]VGC[KN][SP]D", "aa_position": 0.450549, "nucleotide_position": 615}, {"regex": "G[ST][AT]VGC[KN][SP]D[IV]DW[QP]R[CFY]", "aa_position": 0.463736, "nucleotide_position": 633}, {"regex": "C[KN][SP]D[IV]DW[QP]R[FCY]G[ICTV]H[FC][ASTV]", "aa_position": 0.474725, "nucleotide_position": 648}, {"regex": "[SNT]V[WL]D[IV]DY[STR]AFDANH[SC]", "aa_position": 0.514286, "nucleotide_position": 702}, {"regex": "DY[STR]AFDANH[SC][GS]DAM[HSN]", "aa_position": 0.525275, "nucleotide_position": 717}, {"regex": "DANH[SC][GS]DAM[HSN][IT][IMT][LF]E[KE]", "aa_position": 0.536264, "nucleotide_position": 732}, {"regex": "[LF]E[KE]V[FC][SNRHC][AKPTE][GDE][FY]GFHPNA", "aa_position": 0.562637, "nucleotide_position": 768}, {"regex": "[FY]GFHPNA[GIEV]W[IV]LK[AT]L[AITV]", "aa_position": 0.58022, "nucleotide_position": 792}, {"regex": "LK[AT]L[AITV][DHN]T[KE]H[AT][CY][DGE][DHSN][KR][LSRHGC]", "aa_position": 0.602198, "nucleotide_position": 822}, {"regex": "[YVITH][ASNVIPT][IV][DHGE][AG]GMPSGCSAT[CS]", "aa_position": 0.635165, "nucleotide_position": 867}, {"regex": "GMPSGCSAT[CS][IV][IF]NT[IV]", "aa_position": 0.646154, "nucleotide_position": 882}, {"regex": "[IF]NT[IV][LSM]NNIY[MV][LF]YAL[SR]", "aa_position": 0.67033, "nucleotide_position": 915}, {"regex": "NNIY[MV][LF]YAL[SR]R[HQP]Y[EV]G", "aa_position": 0.681319, "nucleotide_position": 930}, {"regex": "YAL[SR]R[HQP]Y[EV]G[IV][ET][LM][SD][HIST]Y", "aa_position": 0.694505, "nucleotide_position": 948}, {"regex": "Y[SNT]M[IV][AS]Y[GE]DD[IV]VV[AV]SD", "aa_position": 0.725275, "nucleotide_position": 990}, {"regex": "Y[GE]DD[IV]VV[AV]SD[HFYN]DLDF", "aa_position": 0.736264, "nucleotide_position": 1005}, {"regex": "DLDF[DE][AS][LF][KR][IP]HF[AKER]S[LIFV]G", "aa_position": 0.76044, "nucleotide_position": 1038}, {"regex": "HF[AKER]S[ILFV]GQ[AIT][IV]TP[AV][GD]KS", "aa_position": 0.78022, "nucleotide_position": 1065}, {"regex": "GQ[AIT][IV]TP[AV][GD]KS[DN][KTR]GF[AGDV]", "aa_position": 0.791209, "nucleotide_position": 1080}, {"regex": "[AS]I[AT]DV[ST]FLKR[HSY]F[YLNRH][LIMV]D", "aa_position": 0.830769, "nucleotide_position": 1134}, {"regex": "[IT]GFYKP[MV]M[AS]S[KM][AT][LIP]EA", "aa_position": 0.868132, "nucleotide_position": 1185}, {"regex": "AR[HR][GV][PT][MITV]QEKL[IT]SVAG", "aa_position": 0.90989, "nucleotide_position": 1242}, {"regex": "QEKL[IT]SVAGL[AV][IV][HQ]SG", "aa_position": 0.923077, "nucleotide_position": 1260}, {"regex": "SVAGL[AV][IV][HQ]SG[QSP][SGDE]EY[WQR]", "aa_position": 0.934066, "nucleotide_position": 1275}, {"regex": "PF[ARMTQ]G[LIT]FE[IV]PS[HY][SR][AS]LY", "aa_position": 0.975824, "nucleotide_position": 1332}, {"regex": "FE[IV]PS[HY][SR][AS]LYL[HR]W[LAV][DN]", "aa_position": 0.986813, "nucleotide_position": 1347}, {"regex": "[SR][AS]LYL[HR]W[LAV][DN][AP]VCG[GDEN][AEV]", "aa_position": 1, "nucleotide_position": 1365}], "L": [{"regex": "M[DKN][IT][IT][GD]CF[IN][AV]L?L[LV][YNHQE][AI][LIF]|M[DNSRKTH][MAT][AIT][GDN][CY][FV][DINT][AISV][LI][LIV][YRTHEQ][AITV][LIFV]|MNTTGCFIALLYAF|M[DNSKT][ST]T[GDN]C[LF][INTV][AV][LV][LASVI][YNRHQE][GAIV][LIF]|M[DSN]T[AIT][GSD]C[LF][ITV]AL[ILFV][HFYN][AIV][LIF]|M[DNSKT][AT][AIT][GDN]C[LF][DLSNVIT][AV]V?[LV][LRVIFP][YNRTHEQ][LAVIT][LASIF]|M[DKNS][AT]T[GD]CF[INT][AV]L[LITV][YRHEQ][AIV][YALIF]", "aa_position": 0, "nucleotide_position": 0}, {"regex": "C[LF][IDTV][AV]L[LIV][YRFTHE][AIV][ILF][HR][QER][LI][IKR][ASTHG]|CF[DINV][AV][LV][LSVRIPT][YNHEQ][AITV][LAVIF][HKYR][ER][LIFM][KNTR][ASHFTQ]|CFIAV?[LI][LV][HY][AI][LI]REI[KR][ATV]|[CY]F[IN][ASV][LI][LV][QEH][AIT][LI][HIR][ER][LIF][KR][ALQH]|CF[DLNVI][AV][LIV][LV][NRHQE][AIV][LIFY][HKYR][ER][IFV][IKR][ASHTQ]|CFVALLYALREIKT|CF[IN][AV][LV][IFV][YNRHE][LIAV][IF][HKR][ER][LIV][KR][AQT]|CFIAL[LI][HY][AT]IR[DE][IT][IK]T|C[LF][IT]AL[LIV][HY][ATV][AIL]RE[IF][IKR][AT]", "aa_position": 0.026455, "nucleotide_position": 15}, {"regex": "[YNRKTQ][ANSRITPHG][DYANSRHKTPQGE][ARKITQGE][ANRKE][AER]?T?M[KE][LF]TL[HY][DSN]G|[KTR][GHKT][ARHITQ][GKER][KE]ME[LF]TL[CHY][NT]G|[KR][IT]Q[GE]KMEFTL[HY]NG|[HKR][ALIKTHG][ANRIKTQ][ARKQGE][KER]?[GK]?T?ME[LF]TL[HY][DSN]G|[NTR][QT][PQT][QGET][KR]K?ME[LF][KT]L[HY][NT]G|[QR][TV][QT]G[KR]ME[LF]TLHNG|[NRKTQ][DYASVITHG][DSNRHIKTQ][ARTQGE][GKER]R?T?M[KE][LF][IT][LP][HY][NT]G|RTQEKMELTLHNG|[KNR][HISK][QKET][GNR][KT]K?ME[LF]TLYNG", "aa_position": 0.126984, "nucleotide_position": 73}, {"regex": "[ARKE]?T?ME[LF]TL[HY][DNT]G[DKEV][KR]K?[ALVITM]?[LF]?|[GKR]?T?M[KE][LF][ITK][LP][CHY][SNT]G[DE][KR][KN][LIT]F", "aa_position": 0.153439, "nucleotide_position": 83}, {"regex": "[ITK][LP][CHY][DSNT]G[DKEV][KR][KN][LAVIMT][LF][HFY][SP][GR]PN", "aa_position": 0.179894, "nucleotide_position": 93}, {"regex": "[LAVITM][LF][HFY][SP][GR]PN[YNSRKTH][YNRHQ][GD][HN]CWLN", "aa_position": 0.222222, "nucleotide_position": 117}, {"regex": "[GD][HN]CWLN[ASTV][LIV][PLM][QR][LV][LF][HKR]Y[IV]", "aa_position": 0.269841, "nucleotide_position": 144}, {"regex": "[QR][LV][LF][HKR]Y[IV][GDE][DE][PT][LF][LF][DGEN][WAS][IEV]Y", "aa_position": 0.31746, "nucleotide_position": 171}, {"regex": "[DE][PT][LF][LF][GDEN][WAS][IEV]Y[CDYLNSMHGEQ]S[HSP][AKQGE][DN][LRKHC]T", "aa_position": 0.354497, "nucleotide_position": 192}, {"regex": "Y[CDYLSNMHGEQ]S[HSP][AKQGE][DN][LRKHC]T[LASVFTHC][DASNRKTQE][AMT][IV][DANSRKMTQGE][SNRHKQ]L", "aa_position": 0.391534, "nucleotide_position": 213}, {"regex": "[YLANVIFT]T[RGSK][LFM][DASNKHGE]L[SNRKTHGQ][DANKE]GGPPA[LFAR]V", "aa_position": 0.481481, "nucleotide_position": 264}, {"regex": "L[SNRKTHGQ][DANKE]GGPPA[LFAR]V[LINV][WR][YLSNIH][IT][KR]", "aa_position": 0.507937, "nucleotide_position": 279}, {"regex": "L[YSNHQGC]TG[IV]GT[ASV][LST]RP[GSN]E[IV][GC]", "aa_position": 0.597884, "nucleotide_position": 330}, {"regex": "GT[ASV][LST]RP[GSN]E[IV][GC][MV][GAIV][GDN]G[ATV]", "aa_position": 0.624339, "nucleotide_position": 345}, {"regex": "[MV][GAIV][GDN]G[ATV][DANVTE][MV][SCT]LAD[LFSH]HAG", "aa_position": 0.677249, "nucleotide_position": 375}, {"regex": "[DANVTE][MV][SCT]LAD[LFSH]HAGIF[LIPMQ][QKR][GV]", "aa_position": 0.703704, "nucleotide_position": 390}, {"regex": "HAGIF[LIMPQ][QKR][GV][ASRHKTQE][DGE]HAVFA", "aa_position": 0.740741, "nucleotide_position": 411}, {"regex": "HAVFA[WLFC][DLANVI]T[ASTHQ][DNHKQE]GW[YNFHC][AG][IV]", "aa_position": 0.793651, "nucleotide_position": 441}, {"regex": "GW[YNFHC][AG][IV]DD[GKE][DAVIKMHGE][IFYV][YT][LKP]W[AT][AP]", "aa_position": 0.846561, "nucleotide_position": 471}, {"regex": "DD[GKE][DAVKIMHGE][IFYV][YT][LKP]W[AT][AP][DEYN]P[DASNVTE][DGSN][AV]", "aa_position": 0.873016, "nucleotide_position": 486}, {"regex": "W[AT][AP][DEYN]P[DASNVTE][GSDN][AV]L[AGCV][LFY]VPY[DN]", "aa_position": 0.910053, "nucleotide_position": 507}, {"regex": "P[LFPV][DSN][AGEV][DGEN][WASR][AVRIKQ][DANSVITMG][LNRKM][AV][ATHGQ][LARKTQ][YNRKFQ][LV][KR]|PL[DN][VGER][DGE]W[QK][AET][SNRKQ][AV][LGQ][LQKR][KFR]L[KR]|P[LF]N[GE][GD][WA][IK][ATV][LK][AV][QAH][AR][KYR][LV]K|PLN[GD]DWKTKVQ[KN]KLK|[SP][LF][DN][DAVIGE][DSNGE][WAS][NRVIKQ][DAVIPMT][LSNRKH][AV][HQGT][WLARKQ][FKYR][LV][KR]|PLN[GT][GE]W[QKR][ST]KV[QH]KRL[KR]", "aa_position": 1, "nucleotide_position": 558}], "polyprotein": [{"regex": "M[DTN][IT][AT][SDN][CY][LF][IV]A[LI][LIV][HYQ][AI][LIF]|M[DKNS][AST][AIT][GDN]C[LFV][LNVIT][ASV][LIV][LSVIFTP][YNRHQE][AVITG][LASIF]|M[DNSKTH][MT][AIT][GDN]C[LF][DSNVIT][AIV]V?[LV][LARVIF][YNRFHEQ][AITV][YLVIF]|MTTTDCFIALSYVL|MNTTDCFVALLQAF|M[NR]TT[GD]CF[IN][AV]L?LL[HE][AI][LI]|M[DKNS]TT[GD]CF[IN][AV]LL[HYET][AI][LF]|M[NT]TT[DN]CF[IT]AL[LIV][HY][AL][LIA]", "aa_position": 0, "nucleotide_position": 0}, {"regex": "CF[SINV][AV][LV][LFV][YNHQE][AIV][LIF][YSRHG][VRKGE][LIFV][IKR][ARFTHQ]|C[FV][DNVIT][AV]L[LIV][YRHQE][AITV][YLASIF][HR][QER][LVIFM][KR][LAVHTQ]|CFIALLHAIREVKA|CFIAL[LV]H[AI][LF]REI[KR]T|CF[LIT]ALL[HNY][AIV][LF][AR]EIK[AST]|CF[INV][AV]L[LI][QEH][AIT][LIFV][HKR][ER][ILF][KNR][QAH]|CFIAL[LI][HR]A[LI]REIK[IT]|CF[IN][AV][LI]L[HE]I[LF][HR][ER][IF][KR][QA]|CF[DINT][AV]V?[LI][LAVRIT][YRTHEQ][ALVITG][LIFA][HYR][GER][LIFT][KTR][ASVFTHQ]", "aa_position": 0.002129, "nucleotide_position": 15}, {"regex": "L[LF][HEYR][AI][LIF][HR][ER][IFV][KR][HAT][LTR][LF][LF]?[LS]?|[LI][LV][QYNH][AIL][ILF][KR]E[IV][IKR][AQT][LF][LIF][LR]?S?|L[LIV][YNRHQ][ATV][LIF]REIK[AST][LR][LF][LFS][LSP]|L[LIF][HR]A[LI]R[GE][IF][KTR][AT][LR][LF][LF][ST]", "aa_position": 0.004259, "nucleotide_position": 27}, {"regex": "[RATV][RHTQG][GR][KE]ME[LF]TL[HY][SN]G|[HAST][DANSRTQ][ARKTQGE][KER]R?T?ME[LF]TL[HY][DN]G|[AIKPTHG][DANRKITQ][ARKGE][KER]M[KE][LF]T[LP][HY][DNT]G|[YASVRKITPHG][DNSRHKITQ][ARKTGE]?[KENR]ME[LF]TL[HY]NG|TNTEMEFTLYNG|TTRKMEFTLYNG|[IAGT][DNIKTQ][RTQGE][KENR]R?T?M[KE][LF]TL[HY][SN]G|INREMEFTLYNG|[GT][HGST][TR][KE]MEFTL[HY]NG|[AT]T[QGE]KME[LF]TL[HY][NT]G", "aa_position": 0.011073, "nucleotide_position": 78}, {"regex": "R?[AT]?M[KE][LF][ITK][LP][CHY][DSNT]G[KDEV][KR][KN][LAVIT][LF]|G?[ET]?ME[LF]TL[HY][DN]G[EV][KR]K?[VIMT]?F?", "aa_position": 0.013203, "nucleotide_position": 83}, {"regex": "[ITK][LP][CHY][DSNT]G[DKEV][KR][KN][LAVIMT][LF][HFY][SP][GR]PN", "aa_position": 0.015332, "nucleotide_position": 93}, {"regex": "[LAVITM][LF][HFY][SP][GR]PN[YNSRKTH][YNRHQ][GD][HN]CWLN", "aa_position": 0.018739, "nucleotide_position": 117}, {"regex": "[GD][HN]CWLN[ASTV][LIV][PLM][QR][LV][LF][HKR]Y[IV]", "aa_position": 0.022572, "nucleotide_position": 144}, {"regex": "[QR][LV][LF][HKR]Y[IV][GDE][DE][PT][LF][LF][DGEN][WAS][IEV]Y", "aa_position": 0.026405, "nucleotide_position": 171}, {"regex": "[DE][PT][LF][LF][GDEN][WAS][IEV]Y[CDYLNSMHGEQ]S[HSP][AKQGE][DN][LRKHC]T", "aa_position": 0.029387, "nucleotide_position": 192}, {"regex": "Y[CDYLSNMHGEQ]S[HSP][AKQGE][DN][LRKHC]T[LASVFTHC][DASNRKTQE][AMT][IV][DANSRKMTQGE][SNRHKQ]L", "aa_position": 0.032368, "nucleotide_position": 213}, {"regex": "[YLANVIFT]T[RGSK][LFM][DASNKHGE]L[SNRKTHGQ][DANKE]GGPPA[LFAR]V", "aa_position": 0.039608, "nucleotide_position": 264}, {"regex": "L[SNRKTHGQ][DANKE]GGPPA[LFAR]V[LINV][WR][YLSNIH][IT][KR]", "aa_position": 0.041738, "nucleotide_position": 279}, {"regex": "L[YSNHQGC]TG[IV]GT[ASV][LST]RP[GSN]E[IV][GC]", "aa_position": 0.048978, "nucleotide_position": 330}, {"regex": "GT[ASV][LST]RP[GSN]E[IV][GC][MV][GAIV][GDN]G[ATV]", "aa_position": 0.051107, "nucleotide_position": 345}, {"regex": "[MV][GAIV][GDN]G[ATV][DANVTE][MV][SCT]LAD[LFSH]HAG", "aa_position": 0.055366, "nucleotide_position": 375}, {"regex": "[DANVTE][MV][SCT]LAD[LFSH]HAGIF[LIPMQ][QKR][GV]", "aa_position": 0.057496, "nucleotide_position": 390}, {"regex": "HAGIF[LIMPQ][QKR][GV][ASRHKTQE][DGE]HAVFA", "aa_position": 0.060477, "nucleotide_position": 411}, {"regex": "HAVFA[WLFC][DLANVI]T[ASTHQ][DNHKQE]GW[YNFHC][AG][IV]", "aa_position": 0.064736, "nucleotide_position": 441}, {"regex": "GW[YNFHC][AG][IV]DD[GKE][DAVIKMHGE][IFYV][YT][LKP]W[AT][AP]", "aa_position": 0.068995, "nucleotide_position": 471}, {"regex": "DD[GKE][DAVKIMHGE][IFYV][YT][LKP]W[AT][AP][DEYN]P[DASNVTE][DGSN][AV]", "aa_position": 0.071124, "nucleotide_position": 486}, {"regex": "W[AT][AP][DEYN]P[DASNVTE][GSDN][AV]L[AGCV][LFY]VPY[DN]", "aa_position": 0.074106, "nucleotide_position": 507}, {"regex": "SDVL[CV][LF]VPYD[QI][GE]P[LF][SN]|[DASVTE]?[DSNG]?[AV]?[LM][AGCV][FY]VPY[DN][RVHMQ][QEV][SP][LFPV][DSN]|[ASNT]?[DN]?V?[LM][ACV][FY]VP[CY]D[QM][DE]P[LF][DN]", "aa_position": 0.076235, "nucleotide_position": 522}, {"regex": "[LFY]VP[CY][DN][RVHIMQ][DVQGE][SP][LFPV][DSN][DAVRITGE][DSNGE][WASR][ANVRIKQ][DASNVITPMGE]", "aa_position": 0.078365, "nucleotide_position": 537}, {"regex": "[ALHTQG][WALNRKTQ][YNRFKQ][LV][KR]GAG[QH][SP][STN]P[ASTV]TG", "aa_position": 0.085605, "nucleotide_position": 588}, {"regex": "GAG[QH][SP][STN]P[ASTV]TG[SCPT][QK][KN]QS", "aa_position": 0.087734, "nucleotide_position": 603}, {"regex": "TG[SCPT][QK][KN]QSGNTG[GS]I[IM]N", "aa_position": 0.091141, "nucleotide_position": 627}, {"regex": "QSGNTG[GS]I[IM]NNYYMQ", "aa_position": 0.093271, "nucleotide_position": 642}, {"regex": "G[GS]I[IM]NNYYMQQYQNS", "aa_position": 0.0954, "nucleotide_position": 657}, {"regex": "NYYMQQYQNS[LIMT][GSD][PT]Q[LP]", "aa_position": 0.09753, "nucleotide_position": 672}, {"regex": "Q[LP]G[DN][DSN][AT][ITV]SGGSN[DE]G[FS]", "aa_position": 0.103066, "nucleotide_position": 711}, {"regex": "SGGSN[DE]G[FS][LT]D?[AT][AYT][PFST][ASNPT]H", "aa_position": 0.106048, "nucleotide_position": 732}, {"regex": "[AYT][FSPT][ASNPT]H[AT][ASNT][SNT][PT][QR]NNDWFS", "aa_position": 0.110733, "nucleotide_position": 765}, {"regex": "[SNT][PT][QR]NNDWFS[IKR][LI][AGT][QGSN][ST]A", "aa_position": 0.113288, "nucleotide_position": 783}, {"regex": "GL[LFV]G[AST]LL[AST]D[KF][KR][KT]E[DE][AINT]", "aa_position": 0.120528, "nucleotide_position": 834}, {"regex": "LL[AST]D[KF][KR][KT]E[DE][AINT][AT][HML]LED", "aa_position": 0.122658, "nucleotide_position": 849}, {"regex": "[KR][KT]E[DE][AINT][AT][HLM]LEDRI[LMV]T[ST]", "aa_position": 0.124787, "nucleotide_position": 864}, {"regex": "[AT][MLH]LEDRI[LMV]T[ST][SR][HN][GN][HDT][AT]", "aa_position": 0.126917, "nucleotide_position": 879}, {"regex": "T[ST][SR][HN][GN][HDT][AT][LIT]STT[QHL]SSV", "aa_position": 0.130324, "nucleotide_position": 903}, {"regex": "[AT][LIT]STT[QHL]SSVG[IV][PT][YRFHC]GY", "aa_position": 0.132879, "nucleotide_position": 921}, {"regex": "[HDE][DSNRKH][YLASNFH][LASVRTQ][ASPN]GP[SN]T[ASN]GL[DE][ST]R", "aa_position": 0.140545, "nucleotide_position": 975}, {"regex": "GP[SN]T[ASN]GL[DE][ST]RV[ALVHIKMTQE][QH]AE", "aa_position": 0.142675, "nucleotide_position": 990}, {"regex": "GL[DE][ST]RV[ALVIKTMHEQ][QH]AER[FY][FY][QK][ARHIKTMQE]", "aa_position": 0.144804, "nucleotide_position": 1005}, {"regex": "V[LAVHIKMTQE][QH]AER[FY][FY][QK][ARHKITMQE][YASRKFTH][LIC][FCY][DETN]W", "aa_position": 0.146934, "nucleotide_position": 1020}, {"regex": "R[FY][FY][QK][ARHKIMTQE][YASRFKTH][LIC][FCY][DETN]W[DAVTG][ALSKPTQ][DASNTGE][DLNRKQ][ASNRKPQE]", "aa_position": 0.149063, "nucleotide_position": 1035}, {"regex": "[FY][AG][YAVRTHE][YLAVIMTC][CYAVKTHE][YLVKITMC][LV][DAVKQGE]LP[ASNVRKTH][DNVHGE][HP][YANSRKTH]G", "aa_position": 0.155451, "nucleotide_position": 1080}, {"regex": "LP[ASNVRKTH][DNVHGE][HP][YASNRKTH]G[IV][FY]G[ASVKTHGQ][LIM][ALVIMTQ][DANSKGE][ALSTG]", "aa_position": 0.158859, "nucleotide_position": 1104}, {"regex": "[IV][FY]G[ASVHKTQG][LIM][LAVITMQ][DANSKGE][LASTG][HFY][ASTV][YTN][AIMV]R[DN]G", "aa_position": 0.16184, "nucleotide_position": 1125}, {"regex": "[ALVIMTQ][DASNKGE][LASTG][HFY][ASTV][YTN][AIMV]R[DN]G[WG][DV][IV][QE]V", "aa_position": 0.163969, "nucleotide_position": 1140}, {"regex": "V[ST]A[TV][AGS][NT][QH]FNGG[ASCT][LPR][LIV]V", "aa_position": 0.169932, "nucleotide_position": 1182}, {"regex": "[NT][QH]FNGG[ASCT][LPR][LIV]V[AV][LM][IV]P[KE]", "aa_position": 0.172061, "nucleotide_position": 1197}, {"regex": "G[ASCT][LPR][LIV]V[AV][LM][IV]P[KE][WLAFIMH][DYRKFHGCQ]?[DASNKFPTE][LNVIFPMT][DASNRHKTQGE]", "aa_position": 0.174191, "nucleotide_position": 1212}, {"regex": "[DALSNRHKITPMQGE][SR][CDSKQGE][LARVKMQE][YASFH]Q[ILFP][ST][LF][FY]PHQ[FY][LIV]", "aa_position": 0.180579, "nucleotide_position": 1257}, {"regex": "Q[ILFP][ST][LF][FY]PHQ[FY][LIV][SKNY]P[QSR][SNT][EN]", "aa_position": 0.182709, "nucleotide_position": 1272}, {"regex": "PHQ[FY][LIV][SNYK]P[QSR][SNT][NE][MTV]T[AG]P?H?", "aa_position": 0.184838, "nucleotide_position": 1287}, {"regex": "H[GLI][NSVRKTPQ]VP[WYSFH][LVIPC][QGV][AIV][DGN]R?[HYM][DT][QKH][YALVFG]", "aa_position": 0.191227, "nucleotide_position": 1331}, {"regex": "[QGV][AIV][DGN]R?[HYM][DT][QKH][YALVFG][ANRVHKTMQE][LANRVKIMTQ]H[QKTR][ASPT]W[ST]", "aa_position": 0.194208, "nucleotide_position": 1352}, {"regex": "[DT][QKH][YLAVFG][ANVRHKMTQE][LANVRKITMQ]H[QKTR][ASPT]W[ST]L[AV][AIV][AVITM]V", "aa_position": 0.196337, "nucleotide_position": 1363}, {"regex": "H[QKTR][ASPT]W[ST]L[AV][AIV][AVITM]V[LAMV][AST]P[LFYP]T", "aa_position": 0.198467, "nucleotide_position": 1377}, {"regex": "L[AV][AIV][AVITM]V[LAMV][AST]P[LFYP]T[ANVIT][DE]?[ASNVKTQGE][DASNKTQG][ANSVIMTGE]", "aa_position": 0.200596, "nucleotide_position": 1392}, {"regex": "[ASQ][DALSNPTQGE][ANKTQE][AITV][KER]VY[AVITMG]N[AI][AGS]P[AIT][YDSNFH]V", "aa_position": 0.207411, "nucleotide_position": 1437}, {"regex": "VY[AVIMTG]N[AI][AGS]P[AIT][DYNSFH]V[HFYV]V[AS]GE", "aa_position": 0.20954, "nucleotide_position": 1452}, {"regex": "V[AS]GE[LRFKM]P[ASVTMG]K[QE]G[IV][ILFV]P[IV][AS]", "aa_position": 0.214225, "nucleotide_position": 1485}, {"regex": "G[SY]G[SHGN][LFMR][QV][NT][YT]DPK[ST][AS]DP", "aa_position": 0.221891, "nucleotide_position": 1539}, {"regex": "[YT]DPK[ST][AS]DP[AIV]YG[YLRKMH]V[YSVFH]N", "aa_position": 0.224872, "nucleotide_position": 1560}, {"regex": "V[YSVFH]N[AP][ASP][KR][DSNT][DLANSRKMTQG][YLFMC][HP]G[WKR][FY][IST][NY]", "aa_position": 0.229983, "nucleotide_position": 1596}, {"regex": "G[WKR][FY][IST][NY][LFY][PLM]DVAE[AV]CPT", "aa_position": 0.234242, "nucleotide_position": 1626}, {"regex": "[MLP]DVAE[AV]CPT[LFM][LFM][DYNRVMTHC]F[DSNGE]?[DSNGE]?", "aa_position": 0.236797, "nucleotide_position": 1644}, {"regex": "[AV]CPT[LFM][LFM][DYNRVMTHC]F[DSNGE]?[DSNGE]?[DNGE]?[VRIKT]P[FY][IV]", "aa_position": 0.238927, "nucleotide_position": 1659}, {"regex": "L[DRMHC]F[DSNE][DNGE]?[DGN]?[RKTV]PYV[SVKITQE]T[NRKTQ][ASNTH][DSNGE]|L[DNVRTHC]F[DNGE]?[DGN]?[DGE]?[KTV]P[FY]V[KSTV]T[NVRKQ][ASNTH][GDEN]|L[CHDR]F[DSNE]?[DSNG]?[DNGE]?[RKV]P[FY]V[VIKTE]T[NRVKTQG][HANT][DGSN]|L[CHDR]F[DE][GSN][GD]?[KV]PYV[KSTV]T[KR][HAT][DN]|LCFDGGKPYVSTQIG|L[DC]FD[GN]G?KPYV[EV]T[KR][NT][DN]|L[DNVHC]F[DEN][GDN]?[GN]?[KV]PYV[SETV]T[QKR][ANVITH][DSNGE]|LDF[DN]GVPYV[QK]T[NT][AN][DN]", "aa_position": 0.241056, "nucleotide_position": 1674}, {"regex": "[DASNPTQGE][DLSNVRTQ][KR][LASVIMTC][LM][ATV][YALRHKTQC][ILF]D[LMV][AS][LF][AGST][HA][GKR]", "aa_position": 0.247871, "nucleotide_position": 1722}, {"regex": "[ATV][YALRHKTQC][ILF]D[LMV][AS][LF][AGST][AH][GKR][ASNVTHCQ][HFML][ASRKGC][SNT][IT]", "aa_position": 0.25, "nucleotide_position": 1734}, {"regex": "[RGK][ANSVTHCQ][HLFM][ASRKGC][SNT][IT][FY][LVIFM][AS]G[LIV]A[QD]Y[FY]", "aa_position": 0.253833, "nucleotide_position": 1761}, {"regex": "[IT][FY][LVIFM][AS]G[LIV]A[QD]Y[FY][AKT]QY[QSAT]G", "aa_position": 0.255963, "nucleotide_position": 1776}, {"regex": "A[QD]Y[FY][AKT]QY[QSAT]G[ST][LIMV]N[YLNVIP]H[IF]", "aa_position": 0.258518, "nucleotide_position": 1794}, {"regex": "QY[ASQT]G[ST][LIMV]N[YLNVIP]H[IF][MT][FY][PAT]G[ASP]", "aa_position": 0.260647, "nucleotide_position": 1809}, {"regex": "H[IF][MT][FY][PAT]G[ASP][AIST][DNHQE][ASNTHG][KN]A[KR][CFY]M", "aa_position": 0.264055, "nucleotide_position": 1833}, {"regex": "[AIST][DNHQE][ASNTHG][KN]A[KR][CFY]M[AIV][AV]Y[AIMV]P[HP][GE]", "aa_position": 0.267036, "nucleotide_position": 1854}, {"regex": "[AE]?[MTV][DANTQE][AKPTQE]?[MLP]P[DSKTE][ADET]PE[DRKMQE]A[AS]HC|[DAE]?[TMV][DANSVRKTHGEQ][ANSVRKPTQGE]?[LPV]?P[DANSRKTQGE][DNT]PE[DARKMTQGE]A[AS]H[CR]|D?[MTV][DNTHE][SKPT]?[LPV][QP][DLNKTE][DET]PE[DARKMHGEQ]A[AS]HC", "aa_position": 0.27385, "nucleotide_position": 1903}, {"regex": "[QP][DALSNRKTQGE][DANTE]PE[DARHKMTQGE]A[AS]H[CR][IYV]H[AS]EW", "aa_position": 0.27598, "nucleotide_position": 1908}, {"regex": "A[AS]H[CR][IYV]H[AS]EW[DN]TGLNS", "aa_position": 0.278535, "nucleotide_position": 1926}, {"regex": "EW[DN]TGLNS[NSRKMTQG][FY][ST]F[ASPT][LIYV]P", "aa_position": 0.281516, "nucleotide_position": 1947}, {"regex": "LNS[SNRKTMQG][FY][ST]F[PAST][LIYV]P[HY][LIMV]S[AGS][AGS]", "aa_position": 0.283646, "nucleotide_position": 1962}, {"regex": "[ST]F[PAST][LIYV]P[HY][LIMV]S[AGS][AGS]D[HFY][AGSP]YT", "aa_position": 0.285775, "nucleotide_position": 1977}, {"regex": "S[AGS][AGS]D[HFY][AGSP]YT[AYH][YASTC][DSNHGE][ASNVKITMQE][AP][DAE][MAQT]", "aa_position": 0.288756, "nucleotide_position": 1998}, {"regex": "[ATV][QN]GW[IV][LAVTGC][LIV][LFY]Q[IV]T[DRTHQ][GTV][HKR][DASVE]", "aa_position": 0.295997, "nucleotide_position": 2049}, {"regex": "[LIV][LIAV][AIV][LSMTC][ASMV]SAG[ARKTP]D[LF][DE][LF]R[LFM]", "aa_position": 0.304089, "nucleotide_position": 2106}, {"regex": "SAG[ARKTP]D[LF][DE][LF]R[LFM]P[LIV][SDN][APT][CASRVITGE]", "aa_position": 0.306218, "nucleotide_position": 2121}, {"regex": "TT[AST][DALSVIMTP][AG]E[GS][AGS][ADEV][PV][IV][AST][ASTV][AIDT][ATPV]", "aa_position": 0.313458, "nucleotide_position": 2172}, {"regex": "[AGS][ADEV][PV][IV][AST][ASTV][AIDT][ATPV][ASET][DASNKTQE][HY]G[GS][DASNVRKTHGEQ][ASRVTPQ]", "aa_position": 0.31644, "nucleotide_position": 2193}, {"regex": "[AETN][HY]GG[DENV][STV][LQR][AETV][AKTQG]RR[AKQM]HT[DE]|[ASNTE][HY]G[GS][ASNVTQE][ASTV][DSVRKQC][ASVITE][ARKPQG][KDR][GR][LASVKMHQ][HD]T[DEN]|[DANSKTQE][HY]GG[DANSRVKTHGE][SRVTPQ][DSRITQE][ASVRITQE][ARVHKPTQ][HKR]R[YLAVRHFMQ]HT[DSNE]", "aa_position": 0.320273, "nucleotide_position": 2220}, {"regex": "[HKDR][GR][YLASVRFKMHQ][HD]T[SDEN][IV][ASRTGE][LF][GLIV][ILFM]DR[FS][ATV]", "aa_position": 0.324106, "nucleotide_position": 2247}, {"regex": "[DEN][IV][ASRTGE][LF][LIV][LM]DR[FS][ATV][LRHKQE][LIFV][ASNVKTPQGE]?[ASNRVHKTPQE]?[LASVIPT]|[SDN][IV][AGSE]F[GLIV][LFM]DRF[ATV][HKQR][LIV][NKTG]?[DASNVFPTQ]?[LSVIPT]|[DE][IV][AGS]F[IV][LM]DRFV[KNR][AITV][SKTQG][ASVPTG]?[LSVPTG]|DVSFILDRFVKVTP|[DEN][IV][SAGE]F[GLI][LM]DRF[TV][HK][LIV][IGST][ANKT]?[LIPT]|DV[AG]F[LIV][LM]DRF[TV][HKL][IV][GD]?[LSR][PT]|DVAFVLDRFVKVKAS|[SDN][IV][SAGE]F[LIV][LIM]DRF[TV][LRKHQ][LIV][GQKT][DAVKPQ]?[SVPTH]", "aa_position": 0.326235, "nucleotide_position": 2262}, {"regex": "[AIKTQ][LNFMQ]?[ANVIT][LIV]D[LM][LM][QD][AITV][KNP][ASET][QKYH][AST]LV|[ISTK][NFMHQ]?[TV][LIV][DN][LM][LVMT][QD][IT][HKP][ASKPTQE][HK][AGT][LI]V|[ASRIKMT][LNHFQ]?[ATV][LIV][CDN]L[LIM][QSDT][IT][HKPR][ASPQE][HKNY][AGST]LV|[ASVRKIQ][LNFMHQ]?[ATV][LIV]D[LM][LMT][QDT][ITV][HKPR][SAKE][HKD][AST][LI]V|[ARVIKTQ][LNHFMQ][INTV][LIV]D[LV][LMV][QDT][AITV][NRKPH][ASKQE][DYNKHQ][ASNTG][LI]V|INVLDLMQIPAYTLV|[AKR][LF]?[AT][LIV]DL[LM][QD][AT]KE[HK][AT]LV|THAIDLMQTHQHGLV", "aa_position": 0.334327, "nucleotide_position": 2319}, {"regex": "[LMV][LVITM][DSRHKTQE][AITV][NRKPH][DALSNKTPQE][DYNKHQ][ASNTG][LIM]VG[AG][LIFMT]LR", "aa_position": 0.336457, "nucleotide_position": 2334}, {"regex": "VG[AG][LIFMT]LR[ASVTG][AS]TY[CY]F[CSA]D[LMV]", "aa_position": 0.34029, "nucleotide_position": 2355}, {"regex": "TY[CY]F[CSA]D[LMV]E[LIV][MATV][LAVIC][LANSRVHKITQC][DHGN][DASNVKTQE][DANSKTHGE]", "aa_position": 0.343697, "nucleotide_position": 2379}, {"regex": "[HGN][DNSVKTE][ANSKTHG][DASNRHKTPQGE][WYRH]?[LAV][GAFT]W[ALVITQ]PNG[ASCT]P[AVRKHE]|[HG][DANSKTQE][DANHGE][DALSNKPTQE][WHR]?[LATV][WYASFTG][WL][QTV]PNG[ASC]P[LRVHKQE]|[GD]T[HD]K[WR]V[WA]W[QV]PNG[AC]P[HR]|HTGPITWVPNGSPK", "aa_position": 0.348807, "nucleotide_position": 2415}, {"regex": "[LV][WGT][WL][LAVTQ]PNG[AS]P[ARVKE][ALNPT][ASITE]L?[DLANTQE][LNV]|[LIAV][WYATG]W[QTV]PNG[CAST]P[LRVKHE][DLASVKTE][DANSTHG]L?[DYSNRVQE][LNV]|[LAV][YAFTG]W[AVITQ]PNG[ASC]P[VRHKQE][DLASNVFKTMGE][ASNRTE]L?[DALNSVRIQGE][LNVIC]|LTWVPNGAPEAAL[EN]N|[LV][GT]W[TV]PNG[AS]PE[LS][AT]L?[DE][NV]|[LT][AS]WVPNG[AC]P[HE][KT][AE]L?[DR][NV]|VFWQPNGAPRTQQL", "aa_position": 0.350937, "nucleotide_position": 2427}, {"regex": "NG[AS]P[RKEV][DLANSVKTMPG][ASNITG]L?[DANVIQE][LNV][NRTQG][GSDT]NP[MTV]|NG[AS]P[VRKQE][LASVTG][AQTR]L?[DALSVQE][LCNV][QGAT][DGST]NP[MTV]|NG[ASCT]P[LAVRKHE][DLASNVKFTPGE][DANSRTHE]L?[DYALSNRVTQGE][LINV][ARITPMHGEQ][GSDT]NP[VMT]", "aa_position": 0.353066, "nucleotide_position": 2442}, {"regex": "[AV][HFYL][YALSNRKPHQ][NRKTH][ANRVKQGE][DSNRKPTG][LAVIFT][ATV]R[LIF]A[LIV]P[FY]T", "aa_position": 0.359455, "nucleotide_position": 2487}, {"regex": "[DSNRKPTG][LAVIFT][ATV]R[ILF]A[LIV]P[FY]T[AG]PH[QGR][LICV]", "aa_position": 0.361584, "nucleotide_position": 2502}, {"regex": "A[LIV]P[FY]T[AG]PH[QGR][LICV]L[AS]T[ASRVIT][HY]", "aa_position": 0.363714, "nucleotide_position": 2517}, {"regex": "PH[QGR][LICV]L[AS]T[ASVRIT][HY][DANSTH]G[DASNRVKTGE][DYASNTGC][DANRVKTE]Y", "aa_position": 0.366269, "nucleotide_position": 2535}, {"regex": "ATVYNG[KNTV][SCN][KR]YK?P?[ASTG]?|[AS]T[AV]YNG[KET][CST][AKTR]Y[GST]|ATAYNGNCKYG|ATVYNG[DSNTE][SCN][KR]YK?P?[GST]?", "aa_position": 0.368399, "nucleotide_position": 2550}, {"regex": "[VRTGE][ASNTG][ASNRTPG][LASVRT][SPTG]?[NR]?[LV]?RGDL[QG][APV]LA|[AGEV][SPN][AGP][LASVR][PGT]?[NR]?[LV]?RGD[LM][QGA][SPV]L[AT]|GSNVTNVRGDLQVLA|[ETV][AGE][GS][AST][GR]?R?[SR]?GD[LM][AG][HSA]L[AT]|[NET][ANPTG][AGSP][ATV][PST]?[NTR]V?RGD[LT][QG][SV]LA|[AET][ASTQGE][GSPR][SRVTG][SNRTPG][ANTR][IV]?RGD[LR][AGQ][ASVPQ]LA", "aa_position": 0.374787, "nucleotide_position": 2583}, {"regex": "T?RGDLG[AQ]LA[AR]R[AV][AE][AN]|[ANRT]?[IV]?RGD[LR][AHQGE][ASVHTQ]LA[AKQR][KNTR][YAVTH][ASEV][DASRKTG]|N?V?RGD[LM][AQH][AV]LA[QK][KNR][LAV][SE][ENTR]|N?V?RGD[MLT][AGQ][ASVPT]L[AT][AEQ][KR][LAVIT][ASNV][SKER]|[AR]?[IV]?[SR]GD[LM][QGA][ASVTP][LI]A[AEQR][KR][IAVL][ASV][ASNRKTE]|[RAN]?[IV]?RGD[LMR][AHQGE][QAPV][LI][AT][QAPR][KTR][YLAVIT][ASNE][DANSRKT]|RRGDLGALAARVAK|[AR]I?R?GD[LSR][AGE][HSV]L[AT][AQT][KTR][HYL][AS][ASR]", "aa_position": 0.376917, "nucleotide_position": 2604}, {"regex": "[HQET]T?[HT]?R?[CA]?[LI]P[AST][ST]FN[FY]G[AHR][LIV]|[SP]R?H?T?LP[ST][ST]FN[FY]G[HA][IV]|[HE]T?H?[LI]P[AT][ST]FNFG[AM][IV]|[AQTR][KR]?H?A?LP[ST][ST]FN[FY]G[HFA][IV]|[QEAT][KT]?[HT]?R?[CAT]?[LI]P[PAST][ST]FN[FY]G[YARIF][LIV]|QLPTSFNFGAI|TRHLPSTFNFGYV|SRHLPSTFNFGHV", "aa_position": 0.383305, "nucleotide_position": 2643}, {"regex": "[LITR]P[PAST][ST]FN[FY]G[YARFIMHQ][LINV][YLRKTQG][ACTV][DAVKTQE][WDANSVRKTQGE][DAVIPGE]", "aa_position": 0.385434, "nucleotide_position": 2646}, {"regex": "[YLRKTQ][ACT][DETV][ASNRKTGE][AVIPGE][VRTHQ]?[DGEV][LIAV][LY][IYTV]R[IM]KR[AT]|[YLRKTQG][ACTV][DAVKTQE][WDASNVRKTQGE][DVIPGE][ANSVRITHEQ]?[SDEN][LMV][LYM][LIYV]R[IM]KR[AT]", "aa_position": 0.389693, "nucleotide_position": 2676}, {"regex": "[ANSVRITHEQ]?[DSNVGE][LAVIM][LYM][YLVIT]R[IM]KR[AT][DE][LFAT][HY]CP", "aa_position": 0.391823, "nucleotide_position": 2694}, {"regex": "R[IM]KR[AT][DE][LFAT][HY]CPR[WAFP][LIMV][LFMR][ATPV]", "aa_position": 0.393952, "nucleotide_position": 2706}, {"regex": "ELYCPRP[LIM]L[AP][AIV][QYE][QV]?H?[SNP]|E[LAT][HY]CPRP[LMV]L[APT][GHIV][YHKQE][DV]?H?[ALSPG]|[DE][LFT]YCPR[WFP][LV][LFMR][PATV][LARVITH][DYRHEQ][DNVKMT]?H?[DLASNKIPTQ]|E[LA]YCPR[AP][LIMV]L[APT][ASVRITH][YAHKQE][DNVT]?H?[ALSRKPTQG]?|ELYCPRPLMVRYTHT", "aa_position": 0.396082, "nucleotide_position": 2721}, {"regex": "R[HYR]K[QT][KEPR][LIT][IV]AP[AGEM]KQ[LV][LCM]N|R[HFYR][KD][AVHTQ][ARKPE][LI]?[ITV][GAK][PV][AEV][KR]Q[LASFT][LSC]N|R[HFYR]K[QIT][SKPTQ][LI][IV][AKTR]P[ADV]KQ[LS][CLS]N|R[HF][KD][QA][KP]I?[IV][AG][PV][AGE][KR]Q[LT]L[DN]|R[HYR]K[QIV][KR][LI][IV][AS]P[DAVTE]KQ[LSVIT][LCAM][DN]|RHKQRIVAPAKQLLN|R[HFYR][QKD][ASVTQ][ASRKPE][LI]?[ITV][ASRKG][SPV][ASVKE][QK]Q[DLSVT][LASFC][SN]|R[HYR]K[QT][QKER][LI][IV]AP[AEV]KQ[LFST][WLA][KN]|RYKTRLVAPDKQLYN", "aa_position": 0.403748, "nucleotide_position": 2780}, {"regex": "[LI]?[ITV][ASRKTG][SPV][ASVTGE][KR]Q[DLASIFT][LASFMC]N[LFS][GD]LL[KER]|[LIT]?[ITV][GAKR][PV][DAVKTMGE][QKR]Q[LSVFT][WYLASMC][DSNK][YLSFC][ADEN]LL[QKMR]", "aa_position": 0.405877, "nucleotide_position": 2787}, {"regex": "[QKR]Q[DLASVFIT][WYLASFMC][DSNK][YLSFC][DANGE]LL[RKMQE][LM][AS]GD[IMV]", "aa_position": 0.408007, "nucleotide_position": 2799}, {"regex": "[YLSFC][DANGE]LL[RKMQE][LM][AS]GD[IMV][GE][FSPT]N[LP]G", "aa_position": 0.410136, "nucleotide_position": 2814}, {"regex": "[QP][LFY][FS]F[AST][GD][IV]R[ASET]NF[AKST][QKR]L[AV]", "aa_position": 0.417376, "nucleotide_position": 2859}, {"regex": "[DSN][SQKN][IM]Q[DNVHQE]D[IMV][AS]T[KR]HGP[DN]F", "aa_position": 0.425043, "nucleotide_position": 2913}, {"regex": "D[IMV][AS]T[KR]HGP[DN]F[DANSKH]RLV[ASIFT]", "aa_position": 0.427172, "nucleotide_position": 2928}, {"regex": "HGP[DN]F[DASNKH]RLV[ASIFT][AT]FE[EN][WLM]", "aa_position": 0.429302, "nucleotide_position": 2943}, {"regex": "V[KNR][AHV]I[KR][DANTE]GLD[DE][AD][KR]PWY", "aa_position": 0.436968, "nucleotide_position": 2997}, {"regex": "GLD[DE][AD][KR]PWYK[LIV][IV][KR][LI]L", "aa_position": 0.439523, "nucleotide_position": 3015}, {"regex": "[AR]LS[SCR][MT][AT][AT]VA[AV]RS[QK]DP", "aa_position": 0.446337, "nucleotide_position": 3063}, {"regex": "VA[AV]RS[QK]DP[LIV]LV[AE][NVIKT]ML", "aa_position": 0.449319, "nucleotide_position": 3084}, {"regex": "[NVIKT]ML[AG]DTGL[QE]I[LP][AD]STF", "aa_position": 0.454429, "nucleotide_position": 3120}, {"regex": "TGL[QE]I[LP][AD]STF[IV]V[KR]K[ISV]", "aa_position": 0.456559, "nucleotide_position": 3135}, {"regex": "[LP][AD]STF[IV]V[KR]K[ISV][AST]D[ASMPT]LS", "aa_position": 0.458688, "nucleotide_position": 3150}, {"regex": "K[ISV][AST]D[ASPMT]LS[GSN][LIFV]FHV[AP]AP", "aa_position": 0.462095, "nucleotide_position": 3174}, {"regex": "[FS][GR]?[ASVTE]P[DLASVIMT][LM][LMV][AS]G[LF]VK[LIAV]AS", "aa_position": 0.469761, "nucleotide_position": 3228}, {"regex": "[CST][AT][ASP][GE][DE][LP][AE][KSR][AQ][GKE]KQ[LI][KR][AT]", "aa_position": 0.477853, "nucleotide_position": 3285}, {"regex": "[LP][AE][KSR][AQ][GKE]KQ[LI][KR][AT][WR]D[IKV]ND", "aa_position": 0.479983, "nucleotide_position": 3300}, {"regex": "[LF][AT][IV]L[KR]NGEW[LP]VKLIL", "aa_position": 0.486797, "nucleotide_position": 3348}, {"regex": "NGEW[LP]VKLILAIRD[WL]", "aa_position": 0.488927, "nucleotide_position": 3363}, {"regex": "VKLILAIRD[WL][LIV]K[AET]W[IV]", "aa_position": 0.491056, "nucleotide_position": 3378}, {"regex": "AIRD[WL][LIV]K[AET]W[IV][AST][ASP]EE[KR]", "aa_position": 0.493186, "nucleotide_position": 3393}, {"regex": "[AT][DN]L[AV]P[HGSR]IL[GE][SKCR]Q[PQHR][DNE]L[DYSNH]", "aa_position": 0.501278, "nucleotide_position": 3450}, {"regex": "[HGSR]IL[GE][CKSR]Q[HQPR][DEN]L[DYSNH][GD]P[AGSN][KR]Y", "aa_position": 0.503407, "nucleotide_position": 3465}, {"regex": "L[DYSNH][GD]P[AGSN][KR]Y[SRKTHEQ][DAGE][AS]K[GQKE]WL[DEN]", "aa_position": 0.506814, "nucleotide_position": 3489}, {"regex": "K[QGEK]WL[DEN][SNTHG][ATV]R[QEL][ATV]CL[KE][SNV]G", "aa_position": 0.511073, "nucleotide_position": 3519}, {"regex": "CL[KE][VSN]GN[AVITH][HCYN][IV]A[SN]LC[KR][AV]", "aa_position": 0.515332, "nucleotide_position": 3549}, {"regex": "P[SN][KER][SPT][GR]P[DE]PVV[LIV]CLRG", "aa_position": 0.523424, "nucleotide_position": 3606}, {"regex": "PVV[LIV]CLRG[KR]SG[QT][GR]KS", "aa_position": 0.526405, "nucleotide_position": 3627}, {"regex": "LRG[KR]SG[QT][GR]KS[IF][LI][AS][DN]V", "aa_position": 0.528535, "nucleotide_position": 3642}, {"regex": "G[QT][GR]KS[IF][LI][AS][DN]V[LI]AQ[AE][IV]", "aa_position": 0.530664, "nucleotide_position": 3657}, {"regex": "TG[SIKR][ITV][DN]SVWYCPPD[LP]D", "aa_position": 0.538756, "nucleotide_position": 3714}, {"regex": "SVWYCPPD[LP]DHFDGY", "aa_position": 0.540886, "nucleotide_position": 3729}, {"regex": "PPD[LP]DHFDGY[SN][QR]Q[ATV][LAV]", "aa_position": 0.543015, "nucleotide_position": 3744}, {"regex": "MDDLG[QH]NPDG[KR]D[FS]KY", "aa_position": 0.550256, "nucleotide_position": 3795}, {"regex": "NPDG[KR]D[FS]KYFA[QH]MVS", "aa_position": 0.552811, "nucleotide_position": 3813}, {"regex": "KYFA[QH]MVSTTG[FV][IV]PP", "aa_position": 0.555792, "nucleotide_position": 3834}, {"regex": "MVSTTG[FV][IV]PPM[AT]SL[GKDE]", "aa_position": 0.557922, "nucleotide_position": 3849}, {"regex": "G[FV][IV]PPM[AT]SL[DGEK]DKG[KNR]P", "aa_position": 0.560051, "nucleotide_position": 3864}, {"regex": "M[AT]SL[DGEK]DKG[KNR]P[LF][SDTN]S[KR]V", "aa_position": 0.562181, "nucleotide_position": 3879}, {"regex": "S[KR]V[IF][IV][AT]T[ST]N[LM]Y[AS]GFT", "aa_position": 0.567291, "nucleotide_position": 3915}, {"regex": "GFTP[KR][NT]M[MV]CPDAL[SN]R", "aa_position": 0.572402, "nucleotide_position": 3951}, {"regex": "[NT]M[MV]CPDAL[SN]RRFH[FV]D", "aa_position": 0.574532, "nucleotide_position": 3966}, {"regex": "DAL[SN]RRFH[FV]D[LI][GD][LV][CSNT][AV]", "aa_position": 0.576661, "nucleotide_position": 3981}, {"regex": "RFH[FV]D[LI][GD][LV][CSTN][AV][KR][GDEN][GE][FY][KTR]", "aa_position": 0.57879, "nucleotide_position": 3996}, {"regex": "LD[IV][INTV][KR][AV]LED[ANT][HY][PAT][DKNT][ASPL][APV]", "aa_position": 0.586882, "nucleotide_position": 4053}, {"regex": "LED[ANT][HY][PAT][DKNT][ASPL][APV]AMF[NRHKQ]YD", "aa_position": 0.589438, "nucleotide_position": 4071}, {"regex": "[APV]AMF[NRHKQ]YDCAL[LI]NG[MLST]A", "aa_position": 0.592845, "nucleotide_position": 4095}, {"regex": "YDCAL[LI]NG[LSMT]A[IV][DE][LM][KR]R", "aa_position": 0.594974, "nucleotide_position": 4110}, {"regex": "NG[LSMT]A[IV][DE][LM][KR]R[LMV][QR]Q[CDN][LVITM]F", "aa_position": 0.59753, "nucleotide_position": 4128}, {"regex": "[DE][LM][KR]R[LMV][QR]Q[CDN][LVITM]F[ANSRKTE][AP][RQHL][ALSPQE][SP]", "aa_position": 0.599659, "nucleotide_position": 4143}, {"regex": "YQL[IV][QDH][KE][AV][IV][QDEV][QR]V[DANSKE][LFH]H[DGEK]", "aa_position": 0.607751, "nucleotide_position": 4200}, {"regex": "[LFH]H[DGKE][KR][AIV][ASL][DASNRG][HYQR][LSQP]I[FV]K[QL][IV]S", "aa_position": 0.612862, "nucleotide_position": 4236}, {"regex": "K[QL][IV]S[LITV]P[ST][QR][KR][ASHT]VLY[FS]L", "aa_position": 0.617547, "nucleotide_position": 4269}, {"regex": "P[ST][QR][KR][HSAT]VLY[FS]LI[GEK][KR][AG]Q", "aa_position": 0.619676, "nucleotide_position": 4284}, {"regex": "VLY[FS]LI[GKE][KR][AG]QH[DE]AA[IV]", "aa_position": 0.621806, "nucleotide_position": 4299}, {"regex": "[KR][AG]QH[DE]AA[IV][DE]F[SFY][DE]G[LKMV]V", "aa_position": 0.624787, "nucleotide_position": 4320}, {"regex": "AA[IV][DE]F[FSY][DE]G[LKMV]V[HSCR][DEN]S[LITV][KR]", "aa_position": 0.626917, "nucleotide_position": 4335}, {"regex": "[DE]G[LKMV]V[HSCR][DEN]S[LITV][KR][DE]E[LP][QKR]P[LF]", "aa_position": 0.629472, "nucleotide_position": 4353}, {"regex": "TS[LF][AMV][QKR][CR][AGTV]F[KR]RL[KR][DAE][IN]F", "aa_position": 0.637138, "nucleotide_position": 4407}, {"regex": "[CR][AGTV]F[KR]RL[KR][ADE][IN]FE[LVIMT][AIV][ATV]L", "aa_position": 0.639267, "nucleotide_position": 4422}, {"regex": "[IN]FE[LVITM][AIV][ATV]L[SICV][LMV][ATV]L[LM][AV][SN][IM]", "aa_position": 0.642675, "nucleotide_position": 4446}, {"regex": "L[LM][AV][SN][IM][AIV][ITV][IMT][LVIFT][HR][DAKQGE][AST][HCNR][KSR]R", "aa_position": 0.646934, "nucleotide_position": 4476}, {"regex": "[IV][MT][LVIFT]R[GQKE][AT][CHNR][KR]R[QHR][LNKQE][SMT][LV][DE][DANGE]|VMIRETHKRQQMVDD|[ITV]M[LIFV]R[DQGE][AT][HR][KSR]R[QKHR][QK][SM][MV][DN]D|[IV]M[LIV]R[AGEQ][AT][HR]KR[QY][QKE][ISM]VD[ADN]|IMIHETRKRQQMVDD|IMIRETRKR[QR][QK]M?V?D?D?|I[MIT][LFV]R[QE][ST][HR]KR[QR][QKE][SM]V[DE][AD]|IMLRQARKRRESVDE|IMIRETRKRQRMVDD", "aa_position": 0.649489, "nucleotide_position": 4494}, {"regex": "[DGEN][CHY][INT][DGKE][KTR][PATV][SGDN][INTV][AT][AT][DE][GDEN][RKTQE]T[LIF]", "aa_position": 0.657155, "nucleotide_position": 4548}, {"regex": "A?N?[IV]?T?T?[SD][GD][QITK]TL[GD][GE]AEK|A?[GN]?I?T?T?[GD]D[QKV]TL[GD][DE][AP]E[KN]|A[DN]IT[AT]DD[QK]TL[DE]EAEK|GGTTLGDAEE|[AT]?[GN]?[IV]?T?[AT]?[GD]D[IQK]TL[GDN][DE]A[GE]K", "aa_position": 0.659284, "nucleotide_position": 4563}, {"regex": "[DSNG]?[DN][VIKTQ][AT][LF][DASGE][DHKE][AE]E[KN][SN]P[LQR][GE][AITV]|NDTTLNHEEKNPLET|[DSNGE][GDEN][VRIKTQE]T[LIFP][GDEN][HGDE][PAET][AGE][NRKTE][DSN][HP][RQL]E[IDTV]", "aa_position": 0.661414, "nucleotide_position": 4578}, {"regex": "[DSN][HP][RQL][GE][DAVIT][SNVIT][DASNG][ARVKT][ASNIPT][AIT][ASVFIT][GV]F[KTR][GKE]", "aa_position": 0.665673, "nucleotide_position": 4608}, {"regex": "[STN][GS][ATV][ST][AT][AV][GV]F[TR]E[KR][PSTV][LFP]?[HANP][GEPR]|[VISN][GD][AKTV][STPN][AT][FTV]GFR[GE][KMR][ASKPT][HLP][PT]?[GER]?|[SNVIT][DAGS][AKTV][ASPT][AT][AITV]GF[KR][KE][IKMR][ASNIKPTE][LSFPTH][ASRPT][DRGE]?|[ST][GS]AS[AT]VGFRER[IPT][LP]?[PT][GEP]|[ISNV][GDN][AVRKT][SNPT][AIT][ASTV]GFRE[IKR][AVIKPTE][LSFPT][LSPT][GNE]?|[SN][GS][AT][AI][AT]VGFRER[AT]LPG", "aa_position": 0.667802, "nucleotide_position": 4623}, {"regex": "[TV]GFR[GE][IKMR][ASNVKTP][LFSP][LASPTH][GER]?[HQR][DAKGE][ASVMTP][DSNRGC][GDEN]|VGFRERKLPGKKTDD|TGFREMPTTEQVVCE|[AIV]GFRE[KR][ASKPT][LFP][AP][GN]?[QYHR][LSNRKT]?[ASVPT][DSRGC][GDE]|[IAFV]GF[TR]E[KR][ASIKTPE][LSFPH][SPT][DGE][HNQR][DVRKTG][ATV][DSVRGC][GDEN]|VGFRERT[LP]PG[HR][KT][AM][GS][DN]", "aa_position": 0.669932, "nucleotide_position": 4638}, {"regex": "[SKN][ASPT]EP[AITV][HKQV][FTPR][DALSVIGE]?[DRTGE][DGEK][QKR][SP][QKR][AV]E|[DKNS][PSYT]EP[ATV][RKTQE][LPR][DAVT]?[VRTGE][DGE][HKEQ]P[QK][AT]E|[DYSNKGE][YASFPT]EP[AVITE][CYDNRVHKTQE][LSVTP][DALSVRITMGE]?[DARVKTGE][DGEK][YRHKQ]P[QHR][AT]E|[SN]SEP[AV][QK][SP][LAVT]?[AGET][DGEK][QKE]PQ[AV]E|N[AT]EPV[QK][PT]V?[AE]E[QE]PQAE|NSEPAGPVEEQPQAE", "aa_position": 0.677172, "nucleotide_position": 4689}, {"regex": "[RVKQE]?[LPT]?[AGV]?[ASRKGE][DKE][QKT]P[QR][AT]EGPYAG|[QKE][SPT][LVKE]?[GEV][GKE][QKER]P[QH]AEGPY[AI]G|[YDLNVRKQE][LSFPT][ALSVRTGE]?[DARVKGE][DGE][YRHKQ][SP][QHR][ATV][GE]GP[CY][AGTV]G|[DRKQE][STPR][DAVT]?[ETV][DE][QK]P[QH]AEGPY[AS]G|QPTEEQPQAEGPYAG|QPAEEQPQAEGPYAG|[WRVKTHGEQ]?[LSVITP][ALSVIMPGE]?[DAVRKTGE]?[DGEK][RHKQE]P[QKHR][AS]E[GE]PY[ASNVT][GR]|[ERKMPQC][RTPV][CDAVGE]?[DARTGE][DQGE][QK]P[QHR][AT]EGPY[ASTV]G|[ARKHEQ][LP][AVGE]?[DGE][DGE][LKQR]P[QHR]AEGPY[AT]G", "aa_position": 0.679302, "nucleotide_position": 4707}, {"regex": "[YRHKQE][SP][QKHR][ATV]EGPY[ASTV]GP[LM][DE][HR][QR]", "aa_position": 0.681431, "nucleotide_position": 4719}, {"regex": "[PT][LM]?[QKER][LV][KCR][ADTV][NRKTE][LFQP]P[ALRHKQ][ARTPHQ]E[GEV]PY", "aa_position": 0.688245, "nucleotide_position": 4767}, {"regex": "[ATV][KETR]LP[ALQR][QAH]EGPY[AV]GP[LIMV][DE]|AKLPLREGPYAGPME|AKPPQQEGPYAGPME|[ADTV][KNR][LQ]P[LARHKQ][QAPT]E[GEV]PYAGP[LM][EV]|VKLPQQEGPYTGPME|[AT][KR][LF]P[QL][AQHR]EGPY[AT]G[LP][LM]E", "aa_position": 0.690375, "nucleotide_position": 4782}, {"regex": "[LANVTP][SP][AV]?[AIMV][KR]EGPY[GDE]G[LP][AMV][KNR][KTR]", "aa_position": 0.701022, "nucleotide_position": 4857}, {"regex": "EGPY[DGE]G[LP][AMV][KNR][KTR][LP][AV][ASTV]L[KR]", "aa_position": 0.703152, "nucleotide_position": 4872}, {"regex": "G[LP][AMV][KNR][KTR][LP][AV][ASTV]L[KR][LV][KR][AETV][KR]R?", "aa_position": 0.705281, "nucleotide_position": 4887}, {"regex": "[LAVIPM]I[IV]TE[ST]G[ASC]PPTDLQ[KR]", "aa_position": 0.712095, "nucleotide_position": 4932}, {"regex": "V[SM][SAGN][DN][PTV][KR]PVEL[INMV][LP]DG[KR]", "aa_position": 0.71891, "nucleotide_position": 4980}, {"regex": "PVEL[INMV][LP]DG[KR][IT][AIV][AV][LIV]CC", "aa_position": 0.721465, "nucleotide_position": 4998}, {"regex": "[LP]DG[KR][IT][AIV][AV][LIV]CCA[AT]GVF", "aa_position": 0.723595, "nucleotide_position": 5013}, {"regex": "CCA[AT]GVF[GS]T[AT][SY]LVPR", "aa_position": 0.727002, "nucleotide_position": 5037}, {"regex": "VF[GS]T[AT][SY]LVPRHL[FS][AT][DE]", "aa_position": 0.729131, "nucleotide_position": 5052}, {"regex": "LVPRHL[FS][AT][DE][KNR][HY]D[KR][IV]M", "aa_position": 0.731687, "nucleotide_position": 5070}, {"regex": "L[FS][AT][DE][KNR][HY]D[KR][IV]M[LIV][GDE]GR[ATV]", "aa_position": 0.733816, "nucleotide_position": 5085}, {"regex": "[ASNRTG]D[FY]R[LV]FE[LF]E[IV][KNR]V[KR][GR][QT]", "aa_position": 0.741482, "nucleotide_position": 5139}, {"regex": "V[KR][GR][QT]G?[DNHGE][AM][LF][SR][DR][AG][AT][LH][WIM][LV]", "aa_position": 0.746167, "nucleotide_position": 5172}, {"regex": "[DR][AG][AT][LH][WIM][LV]L[HN][STR]G[QN][CR][MV]RD", "aa_position": 0.75, "nucleotide_position": 5198}, {"regex": "L[HN][STR]G[QN][CR][MV]RD[LI]T[GAKR]HFR", "aa_position": 0.752555, "nucleotide_position": 5214}, {"regex": "[CR][MV]RD[LI]T[GAKR]HFRD[QATV][AMV][KR][LMV]", "aa_position": 0.754685, "nucleotide_position": 5229}, {"regex": "KG[ASTN][SP][IV]VG[IV][IV][HN]NAD[AIVR][WG]", "aa_position": 0.761499, "nucleotide_position": 5277}, {"regex": "VG[IV][IV][HN]NAD[RAIV][WG]RL[IV][LF]S", "aa_position": 0.763629, "nucleotide_position": 5292}, {"regex": "NAD[RAIV][WG]RL[IV][LF]SG[DEV]ALT", "aa_position": 0.765758, "nucleotide_position": 5307}, {"regex": "ALTYKD[LVIMT]V[IV][CR][IM]DG[GD][AT]", "aa_position": 0.770869, "nucleotide_position": 5343}, {"regex": "V[IV][CR][IM]DG[GD][AT]MPGLFAY", "aa_position": 0.77385, "nucleotide_position": 5364}, {"regex": "T[KR][ASV]GYCG[AG][AS][IV]L[ATV]K[SD][GR]", "aa_position": 0.781516, "nucleotide_position": 5418}, {"regex": "[GR][AST][DNKQE][AT][FV][IV][LIV]GTHSAG[AG][NR]", "aa_position": 0.787479, "nucleotide_position": 5460}, {"regex": "GTHSAG[AG][NR]V?[GE][LIV][GD][YT][CV][HS]", "aa_position": 0.79046, "nucleotide_position": 5481}, {"regex": "[CV][HS][CV][LIFV][SP][GKR][SP][MV]L[DLFMQ][QKR][IM]K[ATV]H", "aa_position": 0.795997, "nucleotide_position": 5518}, {"regex": "[QKR][IM]K[ATV]H[LITV]DP[AEP]P[HYQ][HNT]EGL", "aa_position": 0.800256, "nucleotide_position": 5547}, {"regex": "EGL[IV][LIMV][GDN][IT][KR][DE][AV]E[DE][HR]VH", "aa_position": 0.805366, "nucleotide_position": 5583}, {"regex": "[DGN][IT][KR][DE][AV]E[DE][HR]VH[IV][MT]R[KR]T", "aa_position": 0.807496, "nucleotide_position": 5598}, {"regex": "E[DE][HR]VH[IV][MT]R[KR]TK[LF][ASTV]PT", "aa_position": 0.809625, "nucleotide_position": 5613}, {"regex": "[IV][MT]R[KR]TK[LF][ASTV]PT[AIV]A[HYR]G[AV]", "aa_position": 0.811755, "nucleotide_position": 5628}, {"regex": "PT[AIV]A[HYR]G[AV][LF][DASNKQ]P[DAQGE][FY]GPA", "aa_position": 0.815162, "nucleotide_position": 5652}, {"regex": "GPA[AV]LS[DSN][NRKQG][GD][LKSP]RL[DYSNHG][DGE]G", "aa_position": 0.820273, "nucleotide_position": 5688}, {"regex": "[DGE]G[IV][AISV]LD[DE][ATV]I[LF][AS]KHK[GE]", "aa_position": 0.825809, "nucleotide_position": 5727}, {"regex": "M[PAST][DLASVKPGE][AE]D[KR][ARVKTE]L[FY]R[LARIMTHC]C[AT]AD", "aa_position": 0.833475, "nucleotide_position": 5781}, {"regex": "[ARVKTE]L[FY]R[ALRIMTHC]C[AT]ADY[AT]S[HQR]LH", "aa_position": 0.836031, "nucleotide_position": 5799}, {"regex": "C[AT]ADY[AT]S[HQR]LH[CGSN][AEV]LG[ALRIMT]", "aa_position": 0.83816, "nucleotide_position": 5814}, {"regex": "[AT]S[HQR]LH[CGSN][AEV]LG[LARITM][ASTV]N[ASTQG]P[LM]", "aa_position": 0.84029, "nucleotide_position": 5829}, {"regex": "A[IV]K[AGV][IV][DE]GLDA[MV]E[SP]DT", "aa_position": 0.848382, "nucleotide_position": 5886}, {"regex": "GLDA[MV]E[SP]DT[AR]PGLP[WG]", "aa_position": 0.850937, "nucleotide_position": 5904}, {"regex": "T[AR]PGLP[WG][AS][ILFT][QR]G[KR]RRG", "aa_position": 0.854344, "nucleotide_position": 5928}, {"regex": "[QR]G[KR]RRG[ATV]L[IV][DN]FE[DSNKT][AG][AIT]", "aa_position": 0.858177, "nucleotide_position": 5955}, {"regex": "G[ATV]L[IV][DN]FE[DSNKT][AG][AIT][AIV]G[SPT][DE][IV]", "aa_position": 0.860307, "nucleotide_position": 5970}, {"regex": "FE[DSNKT][AG][AIT][AIV]G[SPT][DE][IV][DASTQE][DASKTQE][AV]L[DRKQE]", "aa_position": 0.862436, "nucleotide_position": 5985}, {"regex": "[LF][LIM][DGE][ASNRKTE][QKR][DNKQE][FY][NRKTE]F[AVITG][SC]Q[AT]FL", "aa_position": 0.868825, "nucleotide_position": 6030}, {"regex": "[DNKQE][FY][NRKTE]F[AVITG][SC]Q[AT]FLKDE[IV]R", "aa_position": 0.870954, "nucleotide_position": 6045}, {"regex": "[SC]Q[AT]FLKDE[IV]R[SP][LIM][DAGE]K[IV]", "aa_position": 0.873083, "nucleotide_position": 6060}, {"regex": "[ASV][GD]KT[HR]IVDVLP[IV]EH[ITV]", "aa_position": 0.879898, "nucleotide_position": 6108}, {"regex": "IVDVLP[IV]EH[ITV][LI]YT[KMR][IM]", "aa_position": 0.882027, "nucleotide_position": 6123}, {"regex": "FCA[QNH][IM]H[LASMT][SN][SN]GP[LQHR][IT]G[ST]", "aa_position": 0.890119, "nucleotide_position": 6180}, {"regex": "[SN][SN]GP[LQHR][IT]G[ST][AT]VGC[KN][SP]D", "aa_position": 0.893101, "nucleotide_position": 6201}, {"regex": "G[ST][AT]VGC[KN][SP]D[IV]DW[QP]R[CFY]", "aa_position": 0.895656, "nucleotide_position": 6219}, {"regex": "C[KN][SP]D[IV]DW[QP]R[FCY]G[ICTV]H[FC][ASTV]", "aa_position": 0.897785, "nucleotide_position": 6234}, {"regex": "[SNT]V[WL]D[IV]DY[STR]AFDANH[SC]", "aa_position": 0.905451, "nucleotide_position": 6288}, {"regex": "DY[STR]AFDANH[SC][GS]DAM[HSN]", "aa_position": 0.907581, "nucleotide_position": 6303}, {"regex": "DANH[SC][GS]DAM[HSN][IT][IMT][LF]E[KE]", "aa_position": 0.90971, "nucleotide_position": 6318}, {"regex": "[LF]E[KE]V[FC][SNRHC][AKPTE][GDE][FY]GFHPNA", "aa_position": 0.914821, "nucleotide_position": 6354}, {"regex": "[FY]GFHPNA[GIEV]W[IV]LK[AT]L[AITV]", "aa_position": 0.918228, "nucleotide_position": 6378}, {"regex": "LK[AT]L[AITV][DHN]T[KE]H[AT][CY][DGE][DHSN][KR][LSRHGC]", "aa_position": 0.922487, "nucleotide_position": 6408}, {"regex": "[YVITH][ASNVIPT][IV][DHGE][AG]GMPSGCSAT[CS]", "aa_position": 0.928876, "nucleotide_position": 6453}, {"regex": "GMPSGCSAT[CS][IV][IF]NT[IV]", "aa_position": 0.931005, "nucleotide_position": 6468}, {"regex": "[IF]NT[IV][LSM]NNIY[MV][LF]YAL[SR]", "aa_position": 0.93569, "nucleotide_position": 6501}, {"regex": "NNIY[MV][LF]YAL[SR]R[HQP]Y[EV]G", "aa_position": 0.937819, "nucleotide_position": 6516}, {"regex": "YAL[SR]R[HQP]Y[EV]G[IV][ET][LM][SD][HIST]Y", "aa_position": 0.940375, "nucleotide_position": 6534}, {"regex": "Y[SNT]M[IV][AS]Y[GE]DD[IV]VV[AV]SD", "aa_position": 0.946337, "nucleotide_position": 6576}, {"regex": "Y[GE]DD[IV]VV[AV]SD[HFYN]DLDF", "aa_position": 0.948467, "nucleotide_position": 6591}, {"regex": "DLDF[DE][AS][LF][KR][IP]HF[AKER]S[LIFV]G", "aa_position": 0.953152, "nucleotide_position": 6624}, {"regex": "HF[AKER]S[ILFV]GQ[AIT][IV]TP[AV][GD]KS", "aa_position": 0.956985, "nucleotide_position": 6651}, {"regex": "GQ[AIT][IV]TP[AV][GD]KS[DN][KTR]GF[AGDV]", "aa_position": 0.959114, "nucleotide_position": 6666}, {"regex": "[AS]I[AT]DV[ST]FLKR[HSY]F[YLNRH][LIMV]D", "aa_position": 0.96678, "nucleotide_position": 6720}, {"regex": "[IT]GFYKP[MV]M[AS]S[KM][AT][LIP]EA", "aa_position": 0.97402, "nucleotide_position": 6771}, {"regex": "AR[HR][GV][PT][MITV]QEKL[IT]SVAG", "aa_position": 0.982112, "nucleotide_position": 6828}, {"regex": "QEKL[IT]SVAGL[AV][IV][HQ]SG", "aa_position": 0.984668, "nucleotide_position": 6846}, {"regex": "SVAGL[AV][IV][HQ]SG[QSP][SGDE]EY[WQR]", "aa_position": 0.986797, "nucleotide_position": 6861}, {"regex": "PF[ARMTQ]G[LIT]FE[IV]PS[HY][SR][AS]LY", "aa_position": 0.994889, "nucleotide_position": 6918}, {"regex": "FE[IV]PS[HY][SR][AS]LYL[HR]W[LAV][DN]", "aa_position": 0.997019, "nucleotide_position": 6933}, {"regex": "[AS]LYL[HR]W[LAV][DN][AP]VCG[DGNE][AEV][Qx]", "aa_position": 1, "nucleotide_position": 6954}], "VP1": [{"regex": "TT[AST][DALSVIMTP][AG]E[GS][AGS][ADEV][PV][IV][AST][ASTV][AIDT][ATPV]", "aa_position": 0, "nucleotide_position": 0}, {"regex": "[ASNTQE][HY]GG[DASNVKTQGE][ASRVPT][CDVRKTQE][ASVITQE][ARKPTQG][HKR]R[ALSVHKFMQ]HT[DEN]|EHGG[AV]SR[TV]ARRAHTD|[DANSKTQE][HY]G[GS][DANSRVTHGE][SRVTPQ][DLSRVITQ][ASVRITE][ARVHKPTQ][KDR][GR][YLASVRHMQ]HT[DSNE]|[NT][HY]GG[NE][TV][QD][ETV][QGP]RR[QK][HD]T[DN]|NYGGVTQVQRRHHTD", "aa_position": 0.076923, "nucleotide_position": 48}, {"regex": "[HKDR][GR][YLASVRFKMHQ][HD]T[SDEN][IV][ASRTGE][LF][GLIV][ILFM]DR[FS][ATV]", "aa_position": 0.120192, "nucleotide_position": 75}, {"regex": "DV[GSR]F[IV][LM]DRF[AV][KR][LI][KST][ANP][PV]|[SDEN][IV][ASTGE]F[GLIV][LIM]DR[FS][ATV][LRHKQ][LITV][DASNKTPQGE]?[DALSNRVHKFPTQGE]?[LASVIPTHG]|[DEN][IV][ASTGE][LF][GLIV][LFM]DR[FS][TV][LNRKHEQ][LAVIF][NVKITQG]?[ASNRVKTPHQ]?[LSVIPT]", "aa_position": 0.144231, "nucleotide_position": 90}, {"regex": "THVIDLMQTHQHGLV|[IT][QNH][ITV][LI]DLMQ[IT][HP][QSAP][HY][GT]LV|[VIQR][HN]?[TV][LI][CD][LV][LM][QD][AITV][HKP][QKEA][DHN][GST][LI]V|[AIKMTQ][LNFMHQ][ATV][LIV]D[LMV][LIMT][QDT][AIT][HKNP][ASKPQE][DYNKHQ][AGST][LI]V|[SVRIKTQ][LNHFMQ]?[ANVIT][LIV]D[LM][LTMV][QSDT][AITV][HKPR][ASKTQE][QKDH][AST][LI]V|[ASRVIKTQ][LNFMHQ]?[AITV][LIV][DN][LV][LMV][QDT][AIT][NRKPH][ASKPQE][HKDY][ASNTG][LI]V|INVLDLMQAPAHTLV|INVLDLIQIPAHTLV|[IT][QFN][ANTV][LV]DLM[QD][IT][KP][AET][HK][AT]LV", "aa_position": 0.235577, "nucleotide_position": 141}, {"regex": "[LMV][LVITM][DSRHKTQE][AITV][NRKPH][DALSNKTPQE][DYNKHQ][ASNTG][LIM]VG[AG][LIFMT]LR", "aa_position": 0.259615, "nucleotide_position": 156}, {"regex": "VG[AG][LIFMT]LR[ASVTG][AS]TY[CY]F[CSA]D[LMV]", "aa_position": 0.302885, "nucleotide_position": 183}, {"regex": "TY[CY]F[CSA]D[LMV]E[LIV][MATV][LAVIC][LANSRVHKITQC][DHGN][DASNVKTQE][DANSKTHGE]", "aa_position": 0.341346, "nucleotide_position": 207}, {"regex": "[HG][DATQE][DANHG][DASNKTPHG][WR]?[LAV][YAFTG][WL][QTV]PNG[ASCT]P[RVHKQE]|[HG][DTN][AGNH][KEN][WHR]?[AVL][WAGT]W[LQIV]PNG[AC]P[AVER]|GEHKRVFWQPNGAPR|[HG]T[GN][LE]W?V[GT]W[TV]PNG[AS]P[KE]|[DHGN][DANSVKTE][DANSKTHGE][DASNRKTPQE][WYRH]?[LAVIT][WYASFTG]W[LAVTQ]PNG[ASC]P[LRVKHE]", "aa_position": 0.399038, "nucleotide_position": 243}, {"regex": "[LAV][WASFTG]W[AQTV]PNG[CAST]P[RVKHE][DLASNFKTGE][DASNRITQGE]L?[DALNSRTQGE][CLNV]|[LIAV][YAFTG][WL][LVITQ]PNG[ASC]P[VRHKQE][DLASNVKTPMGE][DANSRTE]L?[DSNVRIQE][LINV]|[LTV][WAGT]W[LQV]PNG[AC]P[AVRKHE][ASVTPG][DASNE]L?[DYANVRE][LNV]|[LV][GT]W[TV]PNGAP[LEV][LGA][HA]L?[DAE][NV]", "aa_position": 0.423077, "nucleotide_position": 255}, {"regex": "NG[ASCT]P[VRKHE][DALSNVKFTPGE][DANSRTE]L?[DYALNSRVITQGE][LNV][ANRHITMQGE][GSDT]NP[VMT]|NG[CAS]P[LAVRKHE][LASVTPMG][ANSITHEQ]L?[DASNRQGE][LCNV][APTQGE][DGST]NP[MTV]|NG[AC]P[QEV][LASVKTG][AGNR]L?[DASNE][INV][MGET][DST]NP[TV]", "aa_position": 0.447115, "nucleotide_position": 270}, {"regex": "[AV][HFYL][YALSNRKPHQ][NRKTH][ANRVKQGE][DSNRKPTG][LAVIFT][ATV]R[LIF]A[LIV]P[FY]T", "aa_position": 0.519231, "nucleotide_position": 315}, {"regex": "[DSNRKPTG][LAVIFT][ATV]R[ILF]A[LIV]P[FY]T[AG]PH[QGR][LICV]", "aa_position": 0.543269, "nucleotide_position": 330}, {"regex": "A[LIV]P[FY]T[AG]PH[QGR][LICV]L[AS]T[ASRVIT][HY]", "aa_position": 0.567308, "nucleotide_position": 345}, {"regex": "PH[QGR][LICV]L[AS]T[ASVRIT][HY][DANSTH]G[DASNRVKTGE][DYASNTGC][DANRVKTE]Y", "aa_position": 0.596154, "nucleotide_position": 363}, {"regex": "[AS]T[RATV]Y[NT]G[DSNKTE][SCT][KTR]Y[SNTG]?[ANTQE][SPTGE][ANSVTP][TV]?|AT[AV]Y[NT]G[DNTV][CST][AK]Y[AKS]?[PAKT][AGST][AGS][LEV]?|ATVYNG[NV][SC][KR]YS[DT][ST][GS]V?|ATVYNGTTKYATES|[AS]TVYNG[DSNVKTE][YSNTC][KETR]Y[ASNTG][DNVRKTGE][ASNTQG][DASNVPHG]?[LAVT]?|AT[AV]Y[SNT]G[SNKTE][SCTN][AKTR]Y[ASTG]?[AKTGE][DSNPTGE][ASNVRPHGQ]?[LTV]?|ATVYNGTSKYSAAS", "aa_position": 0.620192, "nucleotide_position": 378}, {"regex": "A?[IR]RGD[LR][QA][HV][LI]A[AE][AKR][HIY]A[SDR]|[SNPG]?[IGR]RGD[LSM][AG][ASVPT]L[AT][AQR]R[LAIV][ASVTE][ANRKE]|R?[ITR]R?GD[LSR][AG][QAH]L[AT][AT][KTR][HYT]A[ADR]|[SNRPG]?[ALVRIT]?RGD[RLMT][AHQGE][ASQV]L[ADT][AVRKPQ][KNTR][LAYV][ASNE][ANSRKE]|[GSN]?[LRVIT]?[SR]GD[MLTR][QGA][ASVPHQ][LI]A[AQ][AKTR][YALVTH][ASEV][ARIKTG]|[AH]VRGDL[QA][TV]LA[ER][KR][AI]A[SR]", "aa_position": 0.711538, "nucleotide_position": 429}, {"regex": "[VTHEQ][KTR]?H?[AR]?C?[LI]P[AST][ST]FN[FY]G[AYHR][LIV]|[AEQ][ST]?H?R?C?[LI]P[PAT][ST]FN[FY]G[AIR][LI]|ETTRCRPTTFNFGRL|SRHSLPSTFNFGHV|[HE]T?[HT]?R?C?[LI]P[AT][ST]FN[FY]G[AIR][LIV]|AKHSLPSTFNFGFV|[SETV][KTR]?H?[AT]?[LI]P[PST][ST]FN[FY]G[HFAM][IV]|[PR]LPTSFN[FY]GA[IV]", "aa_position": 0.783654, "nucleotide_position": 471}, {"regex": "[LITR]P[PAST][ST]FN[FY]G[YARFIMHQ][LINV][YLRKTQG][ACTV][DAVKTQE][WDANSVRKTQGE][DAVIPGE]", "aa_position": 0.807692, "nucleotide_position": 474}, {"regex": "[YLRKTQ][ACT][DVTQE][WDASNVRKTGE][DVIPGE][SRVTHQ]?[GDE][LV][LY][IYTV]R[IM]KR[AT]|[YLRKTQG][ACTV][DAVKTQE][ANSRVKTQGE][AVIPGE][ANSVITHEQ]?[DSNVE][LAVIM][LYM][LIYV]R[IM]KR[AT]", "aa_position": 0.855769, "nucleotide_position": 504}, {"regex": "[ANSVRITHEQ]?[DSNVGE][LAVIM][LYM][YLVIT]R[IM]KR[AT][DE][LFAT][HY]CP", "aa_position": 0.879808, "nucleotide_position": 522}, {"regex": "R[IM]KR[AT][DE][LFAT][HY]CPR[WAFP][LIMV][LFMR][ATPV]", "aa_position": 0.903846, "nucleotide_position": 534}, {"regex": "[DE][LAT][HY]CPR[WAP][LIMV][LF][ATPV][ALSRVITH][YDRHQE][DNVKTQ]?[LSTPHG][DALSNRVHTQC]?|E[LFAT]YCPR[AFP][LIMV][LMR][AVPT][ALVRITHG][YDAHKQE][DNVMT]?[LSIPTH][DANSRVKTQGE]", "aa_position": 0.927885, "nucleotide_position": 549}, {"regex": "[DKTQGE][KR]?[AD]R[HFYR][KD][QTV]?[AKPR][LIP][ITV][GAK][PV][DAVTE]KQ|[DANHTQGE][KR]?[AD]R[HFYR][KD][VITQ]?[ASRKPQE][LIP][IV][GAKR][PV][DAVTGE][KR]Q|GKDRYQTALTKPAKQ|[NTQGE][KR]?[ADT]R[HFR][KD][QTV]?[ARKPE][LIP][IV][GAKS][PV][AEV][KR]Q|[DATQGE][KR]?[AD]R[HFYR][KD][QTV]?[AKSQ][LIP][ITV][AGSK][PV][AEV]KQ|GKDRYKVELVAPAKQ|[DANTQG][KR]?[AGD]R[HFY][QKD][QT]?[AKPR][LIP][IV][AGR][PV][AGEV][KR]Q|[GP]DRHKQKI[IV]AP[AM]KQ", "aa_position": 1, "nucleotide_position": 591}], "VP2": [{"regex": "D[KF][KR][KT]E[DE][AINT][AT][MLH]LEDRI[LMV]", "aa_position": 0, "nucleotide_position": 0}, {"regex": "[DE][AINT][AT][HLM]LEDRI[LMV]T[ST][SR][HN][GN]", "aa_position": 0.024272, "nucleotide_position": 15}, {"regex": "T[ST][SR][HN][GN][HDT][AT][LIT]STT[QHL]SSV", "aa_position": 0.072816, "nucleotide_position": 45}, {"regex": "[AT][LIT]STT[QHL]SSVG[IV][PT][YRFHC]GY", "aa_position": 0.101942, "nucleotide_position": 63}, {"regex": "[HDE][DSNRKH][YLASNFH][LASVRTQ][ASPN]GP[SN]T[ASN]GL[DE][ST]R", "aa_position": 0.18932, "nucleotide_position": 117}, {"regex": "GP[SN]T[ASN]GL[DE][ST]RV[ALVHIKMTQE][QH]AE", "aa_position": 0.213592, "nucleotide_position": 132}, {"regex": "GL[DE][ST]RV[ALVIKTMHEQ][QH]AER[FY][FY][QK][ARHIKTMQE]", "aa_position": 0.237864, "nucleotide_position": 147}, {"regex": "V[LAVHIKMTQE][QH]AER[FY][FY][QK][ARHKITMQE][YASRKFTH][LIC][FCY][DETN]W", "aa_position": 0.262136, "nucleotide_position": 162}, {"regex": "R[FY][FY][QK][ARHKIMTQE][YASRFKTH][LIC][FCY][DETN]W[DAVTG][ALSKPTQ][DASNTGE][DLNRKQ][ASNRKPQE]", "aa_position": 0.286408, "nucleotide_position": 177}, {"regex": "[FY][AG][YAVRTHE][YLAVIMTC][CYAVKTHE][YLVKITMC][LV][DAVKQGE]LP[ASNVRKTH][DNVHGE][HP][YANSRKTH]G", "aa_position": 0.359223, "nucleotide_position": 222}, {"regex": "LP[ASNVRKTH][DNVHGE][HP][YASNRKTH]G[IV][FY]G[ASVKTHGQ][LIM][ALVIMTQ][DANSKGE][ALSTG]", "aa_position": 0.398058, "nucleotide_position": 246}, {"regex": "[IV][FY]G[ASVHKTQG][LIM][LAVITMQ][DANSKGE][LASTG][HFY][ASTV][YTN][AIMV]R[DN]G", "aa_position": 0.432039, "nucleotide_position": 267}, {"regex": "[ALVIMTQ][DASNKGE][LASTG][HFY][ASTV][YTN][AIMV]R[DN]G[WG][DV][IV][QE]V", "aa_position": 0.456311, "nucleotide_position": 282}, {"regex": "V[ST]A[TV][AGS][NT][QH]FNGG[ASCT][LPR][LIV]V", "aa_position": 0.524272, "nucleotide_position": 324}, {"regex": "[NT][QH]FNGG[ASCT][LPR][LIV]V[AV][LM][IV]P[KE]", "aa_position": 0.548544, "nucleotide_position": 339}, {"regex": "G[ASCT][LPR][LIV]V[AV][LM][IV]P[KE][WLAFIMH][DYRKFHGCQ]?[DASNKFPTE][LNVIFPMT][DASNRHKTQGE]", "aa_position": 0.572816, "nucleotide_position": 354}, {"regex": "[DALSNRHKITPMQGE][SR][CDSKQGE][LARVKMQE][YASFH]Q[ILFP][ST][LF][FY]PHQ[FY][LIV]", "aa_position": 0.645631, "nucleotide_position": 399}, {"regex": "Q[ILFP][ST][LF][FY]PHQ[FY][LIV][SKNY]P[QSR][SNT][EN]", "aa_position": 0.669903, "nucleotide_position": 414}, {"regex": "PHQ[FY][LIV][SNYK]P[QSR][SNT][NE][MTV]T[AG]P?H?", "aa_position": 0.694175, "nucleotide_position": 429}, {"regex": "H[GLI][NSVRKTPQ]VP[WYSFH][LVIPC][QGV][AIV][DGN]R?[HYM][DT][QKH][YALVFG]", "aa_position": 0.76699, "nucleotide_position": 473}, {"regex": "[QGV][AIV][DGN]R?[HYM][DT][QKH][YALVFG][ANRVHKTMQE][LANRVKIMTQ]H[QKTR][ASPT]W[ST]", "aa_position": 0.800971, "nucleotide_position": 494}, {"regex": "[DT][QKH][YLAVFG][ANVRHKMTQE][LANVRKITMQ]H[QKTR][ASPT]W[ST]L[AV][AIV][AVITM]V", "aa_position": 0.825243, "nucleotide_position": 505}, {"regex": "H[QKTR][ASPT]W[ST]L[AV][AIV][AVITM]V[LAMV][AST]P[LFYP]T", "aa_position": 0.849515, "nucleotide_position": 519}, {"regex": "L[AV][AIV][AVITM]V[LAMV][AST]P[LFYP]T[ANVIT][DASNKTGE][AVTQ]?[DASNKTQG][ANSVIMTGE]", "aa_position": 0.873786, "nucleotide_position": 534}, {"regex": "[ASQ][DALSNPTQGE][ANKTQE][AITV][KER]VY[AVITMG]N[AI][AGS]P[AIT][YDSNFH]V", "aa_position": 0.951456, "nucleotide_position": 579}, {"regex": "VY[AVIMTG]N[AI][AGS]P[AIT][DYNSFH]V[HFYV]V[AS]GE", "aa_position": 0.975728, "nucleotide_position": 594}, {"regex": "[AGS]P[AIT][DYSNFH]V[HFYV]V[AS]GE[LRKFM]P[ASVTMG]K[QE]", "aa_position": 1, "nucleotide_position": 609}], "VP3": [{"regex": "G[IV][ILFV]P[IV][AS][AFCV][ASNVFTH][ADH]G[SY]G[SHGN][LFMR][QV]", "aa_position": 0, "nucleotide_position": 0}, {"regex": "G[SY]G[SHGN][LFMR][QV][NT][YT]DPK[ST][AS]DP", "aa_position": 0.043062, "nucleotide_position": 27}, {"regex": "[YT]DPK[ST][AS]DP[AIV]YG[YLRKMH]V[YSVFH]N", "aa_position": 0.076555, "nucleotide_position": 48}, {"regex": "V[YSVFH]N[AP][ASP][KR][DSNT][DLANSRKMTQG][YLFMC][HP]G[WKR][FY][IST][NY]", "aa_position": 0.133971, "nucleotide_position": 84}, {"regex": "G[WKR][FY][IST][NY][LFY][PLM]DVAE[AV]CPT", "aa_position": 0.181818, "nucleotide_position": 114}, {"regex": "[PLM]DVAE[AV]CPT[LFM][LFM][DYNVRMTHC]F[DNSGE]?[DSNGE]?", "aa_position": 0.210526, "nucleotide_position": 132}, {"regex": "[AV]CPT[LFM][LFM][DYNRVTMHC]F[DSNGE]?[DSNGE]?[DGNE][RVIKT]P[FY][IV]", "aa_position": 0.23445, "nucleotide_position": 147}, {"regex": "P[FY][IV][SVIKTQE]T[QKVR][SN]?[ANITE][DSNGE][DASNPQGE][DSNVTQ][KR][LASVTM][LM][ATV]|PYV[ATV]T[LQKR]H?[NT][DGS][DASGE][DQST][KR][LVITC]L[AT]|PYV[VKITE]T[QKR][AHN]?[ANTV][SD][GDE][QST][KR][LIV]L[AT]|PYV[SVITQE]T[QKNR]N?[ANT][DSN][SGE][DSNTQ][KR][LVIMT][LM][AT]|PYVTT[QR]H?[ST][SD][GE][ST][KR][LV]LA|P[FY]V[SVKTQE]T[NRVKTQG][ASNHG]?[DANVIT][DSNTG][DASPTGE][DLSNRTQ][KR][LVIMT][LM][AT]", "aa_position": 0.291866, "nucleotide_position": 183}, {"regex": "[DASNPTQGE][DLSNVRTQ][KR][LASVIMTC][LM][ATV][YALRHKTQC][ILF]D[LMV][AS][LF][AGST][HA][GKR]", "aa_position": 0.334928, "nucleotide_position": 210}, {"regex": "[ATV][YALRHKTQC][ILF]D[LMV][AS][LF][AGST][AH][GKR][ASNVTHCQ][HFML][ASRKGC][SNT][IT]", "aa_position": 0.358852, "nucleotide_position": 222}, {"regex": "[RGK][ANSVTHCQ][HLFM][ASRKGC][SNT][IT][FY][LVIFM][AS]G[LIV]A[QD]Y[FY]", "aa_position": 0.401914, "nucleotide_position": 249}, {"regex": "[IT][FY][LVIFM][AS]G[LIV]A[QD]Y[FY][AKT]QY[QSAT]G", "aa_position": 0.425837, "nucleotide_position": 264}, {"regex": "A[QD]Y[FY][AKT]QY[QSAT]G[ST][LIMV]N[YLNVIP]H[IF]", "aa_position": 0.454545, "nucleotide_position": 282}, {"regex": "QY[ASQT]G[ST][LIMV]N[YLNVIP]H[IF][MT][FY][PAT]G[ASP]", "aa_position": 0.478469, "nucleotide_position": 297}, {"regex": "H[IF][MT][FY][PAT]G[ASP][AIST][DNHQE][ASNTHG][KN]A[KR][CFY]M", "aa_position": 0.516746, "nucleotide_position": 321}, {"regex": "[AIST][DNHQE][ASNTHG][KN]A[KR][CFY]M[AIV][AV]Y[AIMV]P[HP][GE]", "aa_position": 0.550239, "nucleotide_position": 342}, {"regex": "[DAE]?[TMV][DANSVRKTHGEQ][ANSVRKPTQGE]?[LAVMP][QP][DLANSRKTQGE][DANTE]PE[DARHKMTQGE]A[AS]H[CR]", "aa_position": 0.626794, "nucleotide_position": 390}, {"regex": "[QP][DALSNRKTQGE][DANTE]PE[DARHKMTQGE]A[AS]H[CR][IYV]H[AS]EW", "aa_position": 0.650718, "nucleotide_position": 396}, {"regex": "A[AS]H[CR][IYV]H[AS]EW[DN]TGLNS", "aa_position": 0.679426, "nucleotide_position": 414}, {"regex": "EW[DN]TGLNS[NSRKMTQG][FY][ST]F[ASPT][LIYV]P", "aa_position": 0.712919, "nucleotide_position": 435}, {"regex": "LNS[SNRKTMQG][FY][ST]F[PAST][LIYV]P[HY][LIMV]S[AGS][AGS]", "aa_position": 0.736842, "nucleotide_position": 450}, {"regex": "[ST]F[PAST][LIYV]P[HY][LIMV]S[AGS][AGS]D[HFY][AGSP]YT", "aa_position": 0.760766, "nucleotide_position": 465}, {"regex": "S[AGS][AGS]D[HFY][AGSP]YT[AYH][YASTC][DSNHGE][ASNVKITMQE][AP][DAE][MAQT]", "aa_position": 0.794258, "nucleotide_position": 486}, {"regex": "[ATV][QN]GW[IV][LAVTGC][LIV][LFY]Q[IV]T[DRTHQ][GTV][HKR][DASVE]", "aa_position": 0.875598, "nucleotide_position": 537}, {"regex": "[DASVE][DASKTPQGE][DANRHGEQ][DASGE][AT][LIV][LIAV][AIV][LSMTC][ASMV]SAG[ARKTP]D", "aa_position": 0.942584, "nucleotide_position": 579}, {"regex": "[LIAV][AIV][LSMTC][ASMV]SAG[ARKTP]D[LF][DE][LF]R[LFM]P", "aa_position": 0.971292, "nucleotide_position": 597}, {"regex": "G[ARKPT]D[LF][DE][LF]R[LFM]P[LIV][DSN][APT][EASVRITGC][LASRVKTPMQ][QE]", "aa_position": 1, "nucleotide_position": 615}], "VP4": [{"regex": "GAG[QH][SP][STN]P[ASTV]TG[SCPT][QK][KN]QS", "aa_position": 0, "nucleotide_position": 0}, {"regex": "QSGNTG[GS]I[IM]NNYYMQ", "aa_position": 0.185714, "nucleotide_position": 39}, {"regex": "G[GS]I[IM]NNYYMQQYQNS", "aa_position": 0.257143, "nucleotide_position": 54}, {"regex": "NYYMQQYQNS[LIMT][GSD][PT]Q[LP]", "aa_position": 0.328571, "nucleotide_position": 69}, {"regex": "Q[LP]G[DN][DSN][AT][ITV]SGGSN[DE]G[FS]", "aa_position": 0.514286, "nucleotide_position": 108}, {"regex": "SGGSN[DE]G[FS][LT]D?[AT][AYT][PFST][ASNPT]H", "aa_position": 0.614286, "nucleotide_position": 129}, {"regex": "[AYT][FSPT][ASNPT]H[AT][ASNT][SNT][PT][QR]NNDWFS", "aa_position": 0.771429, "nucleotide_position": 162}, {"regex": "[LI][AGT][QGSN][ST]A[ILFV][IGST]GL[LFV]G[AST]LL[AST]", "aa_position": 1, "nucleotide_position": 210}]}